Layer,Input Frame
,Frame Shape,"(28, 28, 1)"
,Normalization of Input Frame,bySTD
Layer,Conv2D_1
,Kernels,8
,Kernel Shape,"(1, 3, 3)"
,Weights,"Shape = (8, 1, 3, 3)"
,,Trained Weights orig.,"[[[ 0.11680313 -0.22976827 -0.14112336]
  [ 0.19782718 -0.15906935  0.01932065]
  [ 0.18777924 -0.03773418 -0.15934323]]]","[[[-0.06106662  0.19830283 -0.04721736]
  [-0.01793876  0.08705769  0.12043132]
  [ 0.18674704 -0.12240011 -0.29581832]]]","[[[ 0.09349405  0.01590432  0.13609914]
  [-0.01579814 -0.02145457 -0.03927953]
  [-0.15311872  0.0340088   0.08581969]]]","[[[ 0.18406422 -0.1207094  -0.06441116]
  [-0.03836071 -0.03566684  0.09525518]
  [ 0.03269205  0.18196463  0.06278606]]]","[[[ 0.04200798  0.2560913   0.23720513]
  [ 0.05314627 -0.03933435 -0.09524363]
  [-0.21769338 -0.31546875 -0.10347933]]]","[[[-0.46527781  0.04138637  0.04191614]
  [-0.17323783  0.08627099  0.37529743]
  [-0.17204017  0.07785859 -0.01202853]]]","[[[-0.27424118 -0.18948115  0.12870397]
  [ 0.08306557 -0.01651609 -0.32570367]
  [ 0.21078263  0.10978346  0.01001136]]]","[[[ 0.22272869  0.05817757 -0.15490019]
  [-0.02573841 -0.06052668  0.08260657]
  [-0.05388497  0.13013902 -0.01558588]]]"
,,Bit Depth,8
,,Scaling factor for 8-bit conversion,272.9552033032993
,,7-bit + 1-bit sign scaled weights: ,"[[[ 31 -62 -38]
  [ 53 -43   5]
  [ 51 -10 -43]]]","[[[-16  54 -12]
  [ -4  23  32]
  [ 50 -33 -80]]]","[[[ 25   4  37]
  [ -4  -5 -10]
  [-41   9  23]]]","[[[ 50 -32 -17]
  [-10  -9  26]
  [  8  49  17]]]","[[[ 11  69  64]
  [ 14 -10 -25]
  [-59 -86 -28]]]","[[[-127   11   11]
  [ -47   23  102]
  [ -46   21   -3]]]","[[[-74 -51  35]
  [ 22  -4 -88]
  [ 57  29   2]]]","[[[ 60  15 -42]
  [ -7 -16  22]
  [-14  35  -4]]]"
,,TwoComplement,"[[['00011111' '11000010' '11011010']
  ['00110101' '11010101' '00000101']
  ['00110011' '11110110' '11010101']]]","[[['11110000' '00110110' '11110100']
  ['11111100' '00010111' '00100000']
  ['00110010' '11011111' '10110000']]]","[[['00011001' '00000100' '00100101']
  ['11111100' '11111011' '11110110']
  ['11010111' '00001001' '00010111']]]","[[['00110010' '11100000' '11101111']
  ['11110110' '11110111' '00011010']
  ['00001000' '00110001' '00010001']]]","[[['00001011' '01000101' '01000000']
  ['00001110' '11110110' '11100111']
  ['11000101' '10101010' '11100100']]]","[[['10000001' '00001011' '00001011']
  ['11010001' '00010111' '01100110']
  ['11010010' '00010101' '11111101']]]","[[['10110110' '11001101' '00100011']
  ['00010110' '11111100' '10101000']
  ['00111001' '00011101' '00000010']]]","[[['00111100' '00001111' '11010110']
  ['11111001' '11110000' '00010110']
  ['11110010' '00100011' '11111100']]]"
,Biases,Trained Biases orig.,"[[-0.04901514]
 [-0.01572089]
 [-0.31218499]
 [-0.11712064]
 [ 0.24400522]
 [-0.10157936]
 [-0.0096103 ]
 [ 0.01599424]]","Shape = (8, 1)"
,,8-bit scaled biases: ,"[[-13]
 [ -4]
 [-85]
 [-31]
 [ 66]
 [-27]
 [ -2]
 [  4]]"
,,TwoComplement,"[['11110011']
 ['11111100']
 ['10101011']
 ['11100001']
 ['01000010']
 ['11100101']
 ['11111110']
 ['00000100']]"
,Stride,"(1, 1)"
,Padding,none
,Activation,relu
,Bit Depth,8
Layer,Conv2D_2
,Kernels,8
,Kernel Shape,"(8, 3, 3)"
,Weights,"Shape = (8, 8, 3, 3)"
,,Trained Weights orig.,"[[[-0.02666628 -0.03561349 -0.09456572]
  [-0.13409366 -0.08766817  0.00668138]
  [-0.08717736 -0.00196192 -0.07869135]]

 [[-0.15495277 -0.16271189 -0.1008463 ]
  [-0.24534581 -0.17623075 -0.1094943 ]
  [-0.18062156 -0.10131985 -0.18672146]]

 [[-0.03725578  0.05944153  0.13021253]
  [-0.1245066  -0.10730226  0.12467028]
  [-0.31053952 -0.04365482  0.07381944]]

 [[-0.10913451 -0.17642505 -0.10139292]
  [-0.18978662 -0.0927187  -0.08311094]
  [-0.15959885 -0.15503396 -0.17313406]]

 [[ 0.17267703  0.14037906  0.07167197]
  [-0.02928755  0.04260305  0.12404796]
  [ 0.10159034  0.04695827  0.15787748]]

 [[-0.024277    0.04521914  0.26517609]
  [-0.1341272  -0.00048239  0.07948995]
  [-0.09806502 -0.00844663  0.02468534]]

 [[ 0.16957433  0.15063953 -0.00188264]
  [ 0.1339993   0.12029363  0.01793082]
  [ 0.07861469  0.19968972  0.0842157 ]]

 [[-0.03668412 -0.09443909 -0.17612337]
  [-0.08047041 -0.24630247 -0.14355996]
  [-0.21289053 -0.20736775 -0.25720265]]]","[[[-0.18299767 -0.03333046  0.20471896]
  [-0.21500911  0.03087206  0.10559254]
  [-0.23686538  0.04031561  0.14710823]]

 [[-0.19484557 -0.04848181  0.0672365 ]
  [-0.1369408   0.11101192  0.15433367]
  [ 0.08995061  0.15307741 -0.02915442]]

 [[ 0.09851346  0.13962809  0.06729816]
  [ 0.02293493  0.02071492  0.0092023 ]
  [ 0.06389734  0.11133608 -0.05728132]]

 [[-0.01309939  0.04307759 -0.08289554]
  [ 0.04483358  0.02529685 -0.05276048]
  [ 0.04349101 -0.02636523 -0.08635912]]

 [[ 0.09353197 -0.24996365 -0.17908157]
  [-0.0992586  -0.16767357 -0.01608313]
  [-0.2098142  -0.06237147 -0.12052907]]

 [[ 0.04845108  0.04118637  0.00948779]
  [ 0.06928624  0.15669764  0.05178553]
  [ 0.13622126  0.14869831  0.12429457]]

 [[-0.1297562  -0.14139167 -0.02756134]
  [-0.08831245 -0.2683096  -0.12299463]
  [ 0.06769568 -0.21754628 -0.05580349]]

 [[ 0.14824366  0.0618892   0.11219387]
  [ 0.05525893 -0.03279624  0.09557231]
  [-0.03539924  0.02226308  0.09989173]]]","[[[ 0.06970746 -0.01748633 -0.12547635]
  [-0.08924474 -0.12700112 -0.13377839]
  [ 0.00053859 -0.11919536 -0.17625568]]

 [[ 0.14127238 -0.0595289  -0.04875389]
  [-0.01235594 -0.09098353 -0.12000939]
  [-0.03718699 -0.08303116 -0.08857325]]

 [[ 0.08942589  0.13875941  0.06131119]
  [-0.03828178  0.03055759  0.06092741]
  [-0.07898622 -0.07351335 -0.09633276]]

 [[-0.09086091  0.0217593  -0.03248695]
  [-0.11902306 -0.05236339 -0.0725482 ]
  [ 0.0319243   0.12695362  0.06242441]]

 [[ 0.17317998  0.28027006  0.30309106]
  [ 0.16420634  0.1453153   0.15117475]
  [-0.05006267  0.06662582 -0.04431755]]

 [[-0.0268832  -0.05338199 -0.19928142]
  [-0.06109093 -0.01716232 -0.23202095]
  [-0.02657861 -0.0511743  -0.14881248]]

 [[-0.17014614 -0.10593462 -0.0867337 ]
  [-0.03745131  0.05335355  0.22383504]
  [-0.12267504  0.03072617  0.00411635]]

 [[ 0.02145696  0.05345763 -0.00638318]
  [ 0.05256783  0.01514913 -0.04705794]
  [-0.01123836  0.00153777  0.02330894]]]","[[[ 0.01487928  0.0970269   0.07698728]
  [-0.1157377  -0.01760991  0.01677751]
  [-0.07429747 -0.01457067 -0.06934954]]

 [[ 0.05119457 -0.02235385 -0.02091734]
  [-0.16798228 -0.16495951 -0.00367824]
  [-0.0606717  -0.01357132  0.03305325]]

 [[ 0.11737287  0.01581836  0.00468053]
  [ 0.05644403  0.10043125  0.1160194 ]
  [-0.00593058  0.02795244  0.11999436]]

 [[ 0.20628154  0.15900325  0.13029549]
  [ 0.04309401  0.192762    0.20225427]
  [-0.05514963 -0.06086497  0.00806047]]

 [[ 0.0325208   0.03582401  0.07107531]
  [ 0.09058129  0.08440177  0.09050182]
  [ 0.09637602  0.03293096  0.12054812]]

 [[ 0.03860676 -0.09417078 -0.03679774]
  [-0.25568275 -0.02152482  0.04882802]
  [-0.00598089  0.03127131 -0.08512037]]

 [[ 0.02260797 -0.06822137 -0.15877058]
  [ 0.03488588 -0.0508015  -0.06759424]
  [-0.02027432  0.07463677  0.03049252]]

 [[ 0.25042549  0.09122684  0.09431276]
  [ 0.06931156  0.01954022  0.05211539]
  [-0.03638096 -0.04523673  0.1525091 ]]]","[[[-2.58931326e-01 -4.52632638e-04  1.27416741e-01]
  [-2.30816530e-01 -4.55373652e-02  1.82300276e-01]
  [-8.79585685e-02 -1.78370741e-02  1.57705155e-01]]

 [[-1.24167019e-01  2.83052051e-02 -4.40513715e-02]
  [-1.79072747e-01 -7.75426366e-03  5.95762430e-02]
  [-6.54353518e-03  4.48960189e-02  1.16378478e-02]]

 [[-4.75659398e-02 -3.52042482e-04 -1.08384280e-01]
  [-1.16632329e-01 -5.30314502e-02 -1.68783295e-02]
  [-9.77252802e-02 -1.43644229e-01 -5.71643972e-02]]

 [[-7.04283767e-03  3.85402888e-02  7.23494608e-02]
  [ 9.58433425e-02  1.56152216e-01 -4.90106755e-02]
  [ 7.32024405e-02 -1.41448768e-01 -2.50228865e-01]]

 [[ 7.62408089e-02  4.08120534e-02 -2.34136680e-01]
  [-1.12964333e-01 -2.62536784e-02 -6.71021055e-02]
  [-5.45688668e-02 -6.72281336e-02  5.88835051e-02]]

 [[-1.50972669e-01 -6.55769485e-02  4.55799338e-02]
  [ 1.51875345e-02  3.36183117e-02  1.00249910e-01]
  [ 8.82865987e-02 -2.04323672e-04 -3.51821298e-02]]

 [[-6.86568782e-03  6.07794209e-02  2.80461224e-05]
  [ 1.02619704e-01 -1.90925762e-02 -1.17568785e-01]
  [ 9.85541979e-02  3.95098891e-02 -4.83748117e-02]]

 [[-3.69311467e-02  6.01981911e-02  3.38063379e-02]
  [-1.12660583e-01 -6.22137327e-02 -4.58569646e-02]
  [-8.98581358e-02 -7.29613716e-02  2.98646335e-02]]]","[[[ 0.067151    0.03405016  0.00237997]
  [ 0.0618215  -0.0594926  -0.00729655]
  [-0.12579268 -0.09360988 -0.19035914]]

 [[-0.07205564 -0.01104311 -0.03261617]
  [-0.00761733  0.07356359  0.0460858 ]
  [ 0.03276326  0.00453467 -0.01410026]]

 [[-0.24134226 -0.17031122 -0.20378786]
  [ 0.01197174 -0.0368105   0.00301919]
  [ 0.03499561 -0.05998184 -0.02980865]]

 [[ 0.08381375  0.04354123  0.09699742]
  [ 0.13891982  0.16921212  0.12672871]
  [ 0.07081873  0.09883004  0.05881605]]

 [[-0.11555271 -0.0601021  -0.20970131]
  [-0.00443917 -0.02476954 -0.03610845]
  [ 0.05802514  0.07048575  0.17929761]]

 [[ 0.01605745 -0.0692657  -0.01296761]
  [ 0.05807894  0.06771639  0.04689465]
  [ 0.05427742 -0.05453315  0.03795424]]

 [[ 0.11349217 -0.01989535 -0.00027979]
  [ 0.05733555 -0.03327883 -0.12356877]
  [ 0.08208824  0.02670424 -0.0079174 ]]

 [[-0.12323371 -0.0508975  -0.13971544]
  [-0.00139497  0.03055251 -0.04825637]
  [ 0.02903236 -0.0347233  -0.09481917]]]","[[[ 0.03280699 -0.05311688 -0.19810846]
  [-0.06196195 -0.05579451 -0.07408335]
  [ 0.21361696 -0.03323942 -0.18247692]]

 [[ 0.15532737 -0.0174896  -0.08358944]
  [-0.1528857  -0.06524844 -0.04009204]
  [-0.07576282 -0.01150884  0.18398593]]

 [[ 0.06433039  0.07806575  0.14651315]
  [ 0.1164586   0.00874536  0.0167874 ]
  [ 0.12365101 -0.03913087  0.16078779]]

 [[ 0.00870175 -0.03618439  0.09096211]
  [ 0.01303545  0.03941829  0.12987963]
  [-0.05457882 -0.01787729 -0.14288205]]

 [[ 0.07351952  0.11601615  0.109905  ]
  [ 0.05471456  0.13515813  0.14368036]
  [ 0.09087846  0.00526106  0.07586967]]

 [[ 0.0382544  -0.03302043 -0.02733415]
  [ 0.02655537  0.0122501   0.02990227]
  [-0.04953826 -0.01615103 -0.07961971]]

 [[-0.00484113  0.0173774   0.00339391]
  [-0.14794104  0.03241216  0.07747131]
  [-0.00079376  0.05361426  0.13734067]]

 [[-0.03437515  0.00060186  0.02326255]
  [ 0.20072573  0.08409664 -0.07569544]
  [ 0.12373028 -0.0050232  -0.00125279]]]","[[[-0.07015269  0.05580545  0.08542335]
  [-0.08855358  0.1071495   0.01751231]
  [-0.09868906 -0.00228199  0.00552703]]

 [[-0.09647836 -0.03115293 -0.1844265 ]
  [-0.04511294 -0.12022767 -0.06747089]
  [-0.11869493 -0.2135322  -0.02847779]]

 [[-0.09963826 -0.04602393  0.01301342]
  [-0.27774048 -0.0889128   0.07650453]
  [-0.22585888 -0.07361752  0.0419167 ]]

 [[-0.12102144 -0.1380625   0.08458507]
  [-0.15865125 -0.06798246  0.04073407]
  [-0.07257661 -0.13420861 -0.08925107]]

 [[ 0.02525155  0.06572235 -0.12598485]
  [ 0.03349337 -0.03622029  0.00519835]
  [ 0.15679012  0.03740788  0.08716181]]

 [[-0.09625591  0.04654269 -0.0488824 ]
  [-0.11092074  0.13700072  0.05067743]
  [-0.00218496  0.10211636  0.11704554]]

 [[ 0.09660114 -0.00663693 -0.08771553]
  [ 0.07489707  0.00091071 -0.12130703]
  [ 0.13508389  0.03860578 -0.0407712 ]]

 [[-0.16544591 -0.03997005 -0.01630101]
  [-0.13234968 -0.11113712  0.07832777]
  [-0.25069186 -0.1883617  -0.01076737]]]"
,,Bit Depth,8
,,Scaling factor for 8-bit conversion,1.0
,,7-bit + 1-bit sign scaled weights: ,"[[[0 0 0]
  [0 0 0]
  [0 0 0]]

 [[0 0 0]
  [0 0 0]
  [0 0 0]]

 [[0 0 0]
  [0 0 0]
  [0 0 0]]

 [[0 0 0]
  [0 0 0]
  [0 0 0]]

 [[0 0 0]
  [0 0 0]
  [0 0 0]]

 [[0 0 0]
  [0 0 0]
  [0 0 0]]

 [[0 0 0]
  [0 0 0]
  [0 0 0]]

 [[0 0 0]
  [0 0 0]
  [0 0 0]]]","[[[0 0 0]
  [0 0 0]
  [0 0 0]]

 [[0 0 0]
  [0 0 0]
  [0 0 0]]

 [[0 0 0]
  [0 0 0]
  [0 0 0]]

 [[0 0 0]
  [0 0 0]
  [0 0 0]]

 [[0 0 0]
  [0 0 0]
  [0 0 0]]

 [[0 0 0]
  [0 0 0]
  [0 0 0]]

 [[0 0 0]
  [0 0 0]
  [0 0 0]]

 [[0 0 0]
  [0 0 0]
  [0 0 0]]]","[[[0 0 0]
  [0 0 0]
  [0 0 0]]

 [[0 0 0]
  [0 0 0]
  [0 0 0]]

 [[0 0 0]
  [0 0 0]
  [0 0 0]]

 [[0 0 0]
  [0 0 0]
  [0 0 0]]

 [[0 0 0]
  [0 0 0]
  [0 0 0]]

 [[0 0 0]
  [0 0 0]
  [0 0 0]]

 [[0 0 0]
  [0 0 0]
  [0 0 0]]

 [[0 0 0]
  [0 0 0]
  [0 0 0]]]","[[[0 0 0]
  [0 0 0]
  [0 0 0]]

 [[0 0 0]
  [0 0 0]
  [0 0 0]]

 [[0 0 0]
  [0 0 0]
  [0 0 0]]

 [[0 0 0]
  [0 0 0]
  [0 0 0]]

 [[0 0 0]
  [0 0 0]
  [0 0 0]]

 [[0 0 0]
  [0 0 0]
  [0 0 0]]

 [[0 0 0]
  [0 0 0]
  [0 0 0]]

 [[0 0 0]
  [0 0 0]
  [0 0 0]]]","[[[0 0 0]
  [0 0 0]
  [0 0 0]]

 [[0 0 0]
  [0 0 0]
  [0 0 0]]

 [[0 0 0]
  [0 0 0]
  [0 0 0]]

 [[0 0 0]
  [0 0 0]
  [0 0 0]]

 [[0 0 0]
  [0 0 0]
  [0 0 0]]

 [[0 0 0]
  [0 0 0]
  [0 0 0]]

 [[0 0 0]
  [0 0 0]
  [0 0 0]]

 [[0 0 0]
  [0 0 0]
  [0 0 0]]]","[[[0 0 0]
  [0 0 0]
  [0 0 0]]

 [[0 0 0]
  [0 0 0]
  [0 0 0]]

 [[0 0 0]
  [0 0 0]
  [0 0 0]]

 [[0 0 0]
  [0 0 0]
  [0 0 0]]

 [[0 0 0]
  [0 0 0]
  [0 0 0]]

 [[0 0 0]
  [0 0 0]
  [0 0 0]]

 [[0 0 0]
  [0 0 0]
  [0 0 0]]

 [[0 0 0]
  [0 0 0]
  [0 0 0]]]","[[[0 0 0]
  [0 0 0]
  [0 0 0]]

 [[0 0 0]
  [0 0 0]
  [0 0 0]]

 [[0 0 0]
  [0 0 0]
  [0 0 0]]

 [[0 0 0]
  [0 0 0]
  [0 0 0]]

 [[0 0 0]
  [0 0 0]
  [0 0 0]]

 [[0 0 0]
  [0 0 0]
  [0 0 0]]

 [[0 0 0]
  [0 0 0]
  [0 0 0]]

 [[0 0 0]
  [0 0 0]
  [0 0 0]]]","[[[0 0 0]
  [0 0 0]
  [0 0 0]]

 [[0 0 0]
  [0 0 0]
  [0 0 0]]

 [[0 0 0]
  [0 0 0]
  [0 0 0]]

 [[0 0 0]
  [0 0 0]
  [0 0 0]]

 [[0 0 0]
  [0 0 0]
  [0 0 0]]

 [[0 0 0]
  [0 0 0]
  [0 0 0]]

 [[0 0 0]
  [0 0 0]
  [0 0 0]]

 [[0 0 0]
  [0 0 0]
  [0 0 0]]]"
,,TwoComplement,"[[['00000000' '00000000' '00000000']
  ['00000000' '00000000' '00000000']
  ['00000000' '00000000' '00000000']]

 [['00000000' '00000000' '00000000']
  ['00000000' '00000000' '00000000']
  ['00000000' '00000000' '00000000']]

 [['00000000' '00000000' '00000000']
  ['00000000' '00000000' '00000000']
  ['00000000' '00000000' '00000000']]

 [['00000000' '00000000' '00000000']
  ['00000000' '00000000' '00000000']
  ['00000000' '00000000' '00000000']]

 [['00000000' '00000000' '00000000']
  ['00000000' '00000000' '00000000']
  ['00000000' '00000000' '00000000']]

 [['00000000' '00000000' '00000000']
  ['00000000' '00000000' '00000000']
  ['00000000' '00000000' '00000000']]

 [['00000000' '00000000' '00000000']
  ['00000000' '00000000' '00000000']
  ['00000000' '00000000' '00000000']]

 [['00000000' '00000000' '00000000']
  ['00000000' '00000000' '00000000']
  ['00000000' '00000000' '00000000']]]","[[['00000000' '00000000' '00000000']
  ['00000000' '00000000' '00000000']
  ['00000000' '00000000' '00000000']]

 [['00000000' '00000000' '00000000']
  ['00000000' '00000000' '00000000']
  ['00000000' '00000000' '00000000']]

 [['00000000' '00000000' '00000000']
  ['00000000' '00000000' '00000000']
  ['00000000' '00000000' '00000000']]

 [['00000000' '00000000' '00000000']
  ['00000000' '00000000' '00000000']
  ['00000000' '00000000' '00000000']]

 [['00000000' '00000000' '00000000']
  ['00000000' '00000000' '00000000']
  ['00000000' '00000000' '00000000']]

 [['00000000' '00000000' '00000000']
  ['00000000' '00000000' '00000000']
  ['00000000' '00000000' '00000000']]

 [['00000000' '00000000' '00000000']
  ['00000000' '00000000' '00000000']
  ['00000000' '00000000' '00000000']]

 [['00000000' '00000000' '00000000']
  ['00000000' '00000000' '00000000']
  ['00000000' '00000000' '00000000']]]","[[['00000000' '00000000' '00000000']
  ['00000000' '00000000' '00000000']
  ['00000000' '00000000' '00000000']]

 [['00000000' '00000000' '00000000']
  ['00000000' '00000000' '00000000']
  ['00000000' '00000000' '00000000']]

 [['00000000' '00000000' '00000000']
  ['00000000' '00000000' '00000000']
  ['00000000' '00000000' '00000000']]

 [['00000000' '00000000' '00000000']
  ['00000000' '00000000' '00000000']
  ['00000000' '00000000' '00000000']]

 [['00000000' '00000000' '00000000']
  ['00000000' '00000000' '00000000']
  ['00000000' '00000000' '00000000']]

 [['00000000' '00000000' '00000000']
  ['00000000' '00000000' '00000000']
  ['00000000' '00000000' '00000000']]

 [['00000000' '00000000' '00000000']
  ['00000000' '00000000' '00000000']
  ['00000000' '00000000' '00000000']]

 [['00000000' '00000000' '00000000']
  ['00000000' '00000000' '00000000']
  ['00000000' '00000000' '00000000']]]","[[['00000000' '00000000' '00000000']
  ['00000000' '00000000' '00000000']
  ['00000000' '00000000' '00000000']]

 [['00000000' '00000000' '00000000']
  ['00000000' '00000000' '00000000']
  ['00000000' '00000000' '00000000']]

 [['00000000' '00000000' '00000000']
  ['00000000' '00000000' '00000000']
  ['00000000' '00000000' '00000000']]

 [['00000000' '00000000' '00000000']
  ['00000000' '00000000' '00000000']
  ['00000000' '00000000' '00000000']]

 [['00000000' '00000000' '00000000']
  ['00000000' '00000000' '00000000']
  ['00000000' '00000000' '00000000']]

 [['00000000' '00000000' '00000000']
  ['00000000' '00000000' '00000000']
  ['00000000' '00000000' '00000000']]

 [['00000000' '00000000' '00000000']
  ['00000000' '00000000' '00000000']
  ['00000000' '00000000' '00000000']]

 [['00000000' '00000000' '00000000']
  ['00000000' '00000000' '00000000']
  ['00000000' '00000000' '00000000']]]","[[['00000000' '00000000' '00000000']
  ['00000000' '00000000' '00000000']
  ['00000000' '00000000' '00000000']]

 [['00000000' '00000000' '00000000']
  ['00000000' '00000000' '00000000']
  ['00000000' '00000000' '00000000']]

 [['00000000' '00000000' '00000000']
  ['00000000' '00000000' '00000000']
  ['00000000' '00000000' '00000000']]

 [['00000000' '00000000' '00000000']
  ['00000000' '00000000' '00000000']
  ['00000000' '00000000' '00000000']]

 [['00000000' '00000000' '00000000']
  ['00000000' '00000000' '00000000']
  ['00000000' '00000000' '00000000']]

 [['00000000' '00000000' '00000000']
  ['00000000' '00000000' '00000000']
  ['00000000' '00000000' '00000000']]

 [['00000000' '00000000' '00000000']
  ['00000000' '00000000' '00000000']
  ['00000000' '00000000' '00000000']]

 [['00000000' '00000000' '00000000']
  ['00000000' '00000000' '00000000']
  ['00000000' '00000000' '00000000']]]","[[['00000000' '00000000' '00000000']
  ['00000000' '00000000' '00000000']
  ['00000000' '00000000' '00000000']]

 [['00000000' '00000000' '00000000']
  ['00000000' '00000000' '00000000']
  ['00000000' '00000000' '00000000']]

 [['00000000' '00000000' '00000000']
  ['00000000' '00000000' '00000000']
  ['00000000' '00000000' '00000000']]

 [['00000000' '00000000' '00000000']
  ['00000000' '00000000' '00000000']
  ['00000000' '00000000' '00000000']]

 [['00000000' '00000000' '00000000']
  ['00000000' '00000000' '00000000']
  ['00000000' '00000000' '00000000']]

 [['00000000' '00000000' '00000000']
  ['00000000' '00000000' '00000000']
  ['00000000' '00000000' '00000000']]

 [['00000000' '00000000' '00000000']
  ['00000000' '00000000' '00000000']
  ['00000000' '00000000' '00000000']]

 [['00000000' '00000000' '00000000']
  ['00000000' '00000000' '00000000']
  ['00000000' '00000000' '00000000']]]","[[['00000000' '00000000' '00000000']
  ['00000000' '00000000' '00000000']
  ['00000000' '00000000' '00000000']]

 [['00000000' '00000000' '00000000']
  ['00000000' '00000000' '00000000']
  ['00000000' '00000000' '00000000']]

 [['00000000' '00000000' '00000000']
  ['00000000' '00000000' '00000000']
  ['00000000' '00000000' '00000000']]

 [['00000000' '00000000' '00000000']
  ['00000000' '00000000' '00000000']
  ['00000000' '00000000' '00000000']]

 [['00000000' '00000000' '00000000']
  ['00000000' '00000000' '00000000']
  ['00000000' '00000000' '00000000']]

 [['00000000' '00000000' '00000000']
  ['00000000' '00000000' '00000000']
  ['00000000' '00000000' '00000000']]

 [['00000000' '00000000' '00000000']
  ['00000000' '00000000' '00000000']
  ['00000000' '00000000' '00000000']]

 [['00000000' '00000000' '00000000']
  ['00000000' '00000000' '00000000']
  ['00000000' '00000000' '00000000']]]","[[['00000000' '00000000' '00000000']
  ['00000000' '00000000' '00000000']
  ['00000000' '00000000' '00000000']]

 [['00000000' '00000000' '00000000']
  ['00000000' '00000000' '00000000']
  ['00000000' '00000000' '00000000']]

 [['00000000' '00000000' '00000000']
  ['00000000' '00000000' '00000000']
  ['00000000' '00000000' '00000000']]

 [['00000000' '00000000' '00000000']
  ['00000000' '00000000' '00000000']
  ['00000000' '00000000' '00000000']]

 [['00000000' '00000000' '00000000']
  ['00000000' '00000000' '00000000']
  ['00000000' '00000000' '00000000']]

 [['00000000' '00000000' '00000000']
  ['00000000' '00000000' '00000000']
  ['00000000' '00000000' '00000000']]

 [['00000000' '00000000' '00000000']
  ['00000000' '00000000' '00000000']
  ['00000000' '00000000' '00000000']]

 [['00000000' '00000000' '00000000']
  ['00000000' '00000000' '00000000']
  ['00000000' '00000000' '00000000']]]"
,Biases,Trained Biases orig.,"[[ 0.04128594]
 [ 0.24792277]
 [ 0.04455439]
 [-0.1056601 ]
 [-0.0680088 ]
 [-0.01882563]
 [-0.05132351]
 [ 0.06276066]]","Shape = (8, 1)"
,,8-bit scaled biases: ,"[[0]
 [0]
 [0]
 [0]
 [0]
 [0]
 [0]
 [0]]"
,,TwoComplement,"[['00000000']
 ['00000000']
 ['00000000']
 ['00000000']
 ['00000000']
 ['00000000']
 ['00000000']
 ['00000000']]"
,Stride,"(1, 1)"
,Padding,none
,Activation,relu
,Bit Depth,8
Layer,Conv2D_3
,Kernels,8
,Kernel Shape,"(8, 3, 3)"
,Weights,"Shape = (8, 8, 3, 3)"
,,Trained Weights orig.,"[[[ 0.10633851  0.02410455 -0.08851779]
  [ 0.01880015  0.04797685  0.00299292]
  [ 0.08693307  0.0912705   0.04623979]]

 [[-0.06698376 -0.04089996 -0.09687045]
  [-0.1265979   0.02160813  0.05582055]
  [ 0.02957777  0.02041354  0.16613954]]

 [[ 0.01621551  0.1226974   0.2745599 ]
  [ 0.0496033   0.15949873  0.01908434]
  [ 0.02140199  0.01604757 -0.14050833]]

 [[-0.07586631 -0.04220667 -0.13516496]
  [-0.03213446 -0.05743492 -0.06207554]
  [-0.03639026  0.06456578  0.10204075]]

 [[-0.1415847  -0.02720744 -0.02753415]
  [-0.04790431  0.05613273  0.15024356]
  [ 0.06124254  0.25061347  0.20454085]]

 [[-0.16467997 -0.06922778  0.00378545]
  [-0.01827193  0.00236622  0.15836727]
  [ 0.04253482  0.09983643  0.18341083]]

 [[-0.07266025 -0.00907742 -0.0257823 ]
  [-0.10541165 -0.00597034 -0.03898671]
  [-0.00269056 -0.02677142  0.0693203 ]]

 [[-0.0325459  -0.09788197 -0.16053883]
  [ 0.02080871  0.0055327   0.04918974]
  [ 0.13006916  0.17122627  0.15160123]]]","[[[ 0.15854217 -0.03474556 -0.12568638]
  [ 0.12604274 -0.01924098 -0.12057317]
  [ 0.00058525 -0.14362173 -0.15298687]]

 [[-0.00618865  0.15808921  0.07980076]
  [ 0.01706992  0.00341694  0.07027472]
  [ 0.05995157  0.09246802 -0.01670195]]

 [[-0.00370054 -0.04798264  0.05544344]
  [-0.03005731  0.1299915   0.03367428]
  [-0.13106949  0.17279902  0.01093574]]

 [[-0.08394004  0.01429515  0.06985766]
  [-0.10932064  0.01916192  0.02011591]
  [-0.07890173  0.02289689  0.02888275]]

 [[ 0.16590223  0.13821748  0.03565988]
  [ 0.16089957  0.12698647  0.03962269]
  [ 0.12594896  0.11408254  0.01873646]]

 [[ 0.08272459  0.08164965  0.0955946 ]
  [ 0.09016441  0.1551506  -0.01430292]
  [-0.03376133  0.01712383 -0.03043391]]

 [[ 0.00214757  0.00065187  0.00633781]
  [-0.06074415 -0.00511025  0.07801694]
  [ 0.02268126 -0.02040849  0.05131076]]

 [[ 0.06469732  0.00063939  0.11210272]
  [ 0.08585063  0.03377756 -0.03197511]
  [ 0.02840285 -0.02378293  0.0432908 ]]]","[[[ 0.16211858  0.18252271  0.23981964]
  [ 0.15973976  0.1612786   0.32162957]
  [ 0.17920153  0.2368101   0.24914386]]

 [[ 0.06959235  0.12956019  0.04044926]
  [ 0.07387306  0.08517855  0.10414252]
  [ 0.20440597  0.04171288  0.08054699]]

 [[ 0.09438166 -0.00265943 -0.27580109]
  [ 0.07737214 -0.02469536 -0.25761498]
  [ 0.14493695 -0.00619541 -0.27219426]]

 [[-0.00538421  0.08688827 -0.00104757]
  [-0.0124571  -0.13372244 -0.03268479]
  [-0.11514713 -0.07304067 -0.09198575]]

 [[-0.12631499 -0.02354305  0.06551902]
  [-0.03724311  0.07359934  0.01735899]
  [-0.06660523  0.04485556  0.03976616]]

 [[-0.13655452 -0.20128568 -0.09859242]
  [-0.23261491 -0.00158421  0.01129239]
  [-0.12374743  0.07826003  0.03753557]]

 [[ 0.10096267  0.14551855 -0.05134245]
  [ 0.02795679 -0.08234538 -0.04797893]
  [ 0.03356922 -0.02801301 -0.06048762]]

 [[-0.01107564  0.04245626  0.19990692]
  [ 0.03170199  0.0735209   0.25606159]
  [ 0.01576168  0.10872769  0.23807825]]]","[[[ 0.07784836  0.07464678 -0.13903576]
  [ 0.03284531 -0.02539351 -0.02595903]
  [ 0.00876857 -0.14165502 -0.17891527]]

 [[ 0.09977065  0.09085648  0.17046525]
  [ 0.10578638  0.06741789  0.11965392]
  [ 0.03341877  0.04392406  0.17531209]]

 [[-0.09265731 -0.11646764 -0.04903606]
  [-0.07518735 -0.02685973 -0.07030334]
  [ 0.05279917 -0.02914315  0.02354925]]

 [[ 0.29098377  0.22687029  0.11166416]
  [ 0.00686414  0.00704998  0.01415414]
  [ 0.0554556   0.04085258  0.0619842 ]]

 [[-0.00891348  0.04998376 -0.09885328]
  [ 0.02373678  0.09141257 -0.0223942 ]
  [ 0.01153748  0.04017275  0.12570292]]

 [[-0.12208196  0.02490148 -0.06898524]
  [ 0.02999165 -0.14247352 -0.04996367]
  [ 0.03484068  0.0504535  -0.00363904]]

 [[ 0.05704752 -0.04004106 -0.17710137]
  [-0.03508273 -0.04778189  0.0185729 ]
  [-0.153574   -0.04741119 -0.01028114]]

 [[-0.02438644 -0.00526962  0.09641339]
  [-0.01975872  0.06571809 -0.02670492]
  [ 0.00434497  0.06672563  0.07047925]]]","[[[-0.09743981 -0.02599469 -0.05056313]
  [-0.00215225  0.05942562  0.05793258]
  [ 0.06353363  0.09587147  0.21587167]]

 [[ 0.07763578  0.03936954  0.02548023]
  [ 0.14646437 -0.01951728 -0.02777199]
  [-0.08105565 -0.05370228  0.10564154]]

 [[-0.13879729 -0.06955109  0.03925089]
  [ 0.03408452  0.00586385 -0.0310955 ]
  [ 0.17809567  0.17474149  0.12065436]]

 [[ 0.20706149  0.07295031  0.02263294]
  [ 0.04243361  0.03490453  0.02256024]
  [ 0.20518327  0.15257195  0.15354476]]

 [[-0.10672331 -0.10468455 -0.03311075]
  [-0.06637884  0.03962647  0.07490101]
  [-0.05529923  0.0857775   0.05289436]]

 [[ 0.10217953  0.11732493  0.00572174]
  [ 0.08503157 -0.09823483  0.00047158]
  [-0.12263653 -0.06080923  0.00679092]]

 [[-0.17436328 -0.14903638 -0.13822115]
  [ 0.04573336  0.0781024   0.07672283]
  [-0.0240913   0.17069182  0.05781637]]

 [[-0.07879966  0.05897415  0.11278093]
  [ 0.10139797  0.10604603  0.08636338]
  [ 0.16299143  0.17234694  0.05177556]]]","[[[-0.06236393 -0.05741814 -0.04515338]
  [-0.14307214 -0.07506125 -0.01771203]
  [-0.09051613 -0.0498377   0.00402584]]

 [[ 0.03578995 -0.09566675 -0.02295256]
  [ 0.05956064 -0.03670511  0.05183444]
  [-0.00248059 -0.03482645 -0.12847711]]

 [[-0.04688741 -0.00347347  0.02036432]
  [ 0.0393684   0.02124533  0.05490804]
  [ 0.03103679  0.0771072   0.04411431]]

 [[ 0.07727901 -0.07406523 -0.05679126]
  [ 0.1653423   0.08723009 -0.04037781]
  [ 0.10324624  0.28726691  0.08131786]]

 [[-0.02199579 -0.05791379  0.06227207]
  [ 0.00809198 -0.01420868 -0.03555253]
  [-0.03459347 -0.08155463 -0.0229346 ]]

 [[ 0.18403721  0.10383028  0.08204284]
  [ 0.13477873  0.08156236  0.08771455]
  [ 0.09343912  0.03429491  0.01144054]]

 [[-0.20352882 -0.04324564 -0.00160723]
  [ 0.00596691 -0.01061246  0.06554901]
  [ 0.07380365  0.09969321  0.03591224]]

 [[ 0.14524737  0.04994841 -0.0005404 ]
  [ 0.09721329  0.10192329  0.03171667]
  [ 0.04129634 -0.01258307 -0.02156175]]]","[[[ 0.04470567  0.08544982 -0.10967087]
  [ 0.00800846 -0.0408593  -0.11875928]
  [-0.06254689  0.0718788  -0.19325305]]

 [[-0.01050143  0.02992753  0.01442279]
  [-0.00896954  0.06717058  0.05030086]
  [ 0.04576743  0.0328936   0.09966587]]

 [[ 0.00603044 -0.11362278 -0.10510296]
  [ 0.09423742 -0.06604255 -0.15905684]
  [ 0.0110436  -0.10014513 -0.07454022]]

 [[ 0.0927475   0.16626689  0.10743977]
  [ 0.07627028  0.08721228  0.04751276]
  [-0.02808981  0.03180652  0.04448027]]

 [[-0.10508166 -0.02735522  0.08354094]
  [-0.03498565 -0.08335904  0.05183221]
  [ 0.01898946  0.01987571  0.15982619]]

 [[-0.06985548 -0.02167265  0.04059288]
  [-0.21053448 -0.02079338 -0.03149959]
  [-0.01733618  0.08184625  0.00420469]]

 [[ 0.09139842  0.15746895  0.04795505]
  [ 0.07127938 -0.05256544 -0.19361382]
  [-0.01260323 -0.01030753  0.0333316 ]]

 [[-0.05016848  0.04507117 -0.00397719]
  [-0.11232245 -0.03286541  0.05425046]
  [-0.05136795 -0.00432828  0.03705622]]]","[[[-0.05949101  0.05942321  0.08074697]
  [ 0.01827856  0.11627723  0.1282801 ]
  [ 0.01151004  0.04499696  0.143592  ]]

 [[-0.03538596  0.00038    -0.00087591]
  [ 0.03910626 -0.05063729  0.00113603]
  [-0.08884971 -0.09692177 -0.09239038]]

 [[-0.01506808 -0.25364219 -0.22290308]
  [-0.02784432  0.02679915 -0.0256961 ]
  [ 0.07083287  0.16505825  0.04804876]]

 [[ 0.01705048  0.01123102 -0.01905678]
  [ 0.10102312  0.06916012  0.14003541]
  [ 0.10845682  0.11180935  0.10928457]]

 [[-0.02852337  0.02102171 -0.02667014]
  [-0.0071955   0.00750668  0.04051117]
  [-0.0095021  -0.04835934 -0.02585987]]

 [[ 0.1131518   0.05079574  0.11443359]
  [ 0.11337199  0.07740547  0.09586914]
  [-0.02000116  0.05342936  0.15891557]]

 [[-0.10884946 -0.05932355  0.00200625]
  [ 0.02452161  0.11798346  0.08860908]
  [ 0.11247566  0.0841538   0.08139269]]

 [[ 0.10422847  0.05155669  0.151765  ]
  [ 0.1641621   0.15027344  0.20040504]
  [ 0.02510322  0.05703561 -0.03819071]]]"
,,Bit Depth,8
,,Scaling factor for 8-bit conversion,1.0
,,7-bit + 1-bit sign scaled weights: ,"[[[0 0 0]
  [0 0 0]
  [0 0 0]]

 [[0 0 0]
  [0 0 0]
  [0 0 0]]

 [[0 0 0]
  [0 0 0]
  [0 0 0]]

 [[0 0 0]
  [0 0 0]
  [0 0 0]]

 [[0 0 0]
  [0 0 0]
  [0 0 0]]

 [[0 0 0]
  [0 0 0]
  [0 0 0]]

 [[0 0 0]
  [0 0 0]
  [0 0 0]]

 [[0 0 0]
  [0 0 0]
  [0 0 0]]]","[[[0 0 0]
  [0 0 0]
  [0 0 0]]

 [[0 0 0]
  [0 0 0]
  [0 0 0]]

 [[0 0 0]
  [0 0 0]
  [0 0 0]]

 [[0 0 0]
  [0 0 0]
  [0 0 0]]

 [[0 0 0]
  [0 0 0]
  [0 0 0]]

 [[0 0 0]
  [0 0 0]
  [0 0 0]]

 [[0 0 0]
  [0 0 0]
  [0 0 0]]

 [[0 0 0]
  [0 0 0]
  [0 0 0]]]","[[[0 0 0]
  [0 0 0]
  [0 0 0]]

 [[0 0 0]
  [0 0 0]
  [0 0 0]]

 [[0 0 0]
  [0 0 0]
  [0 0 0]]

 [[0 0 0]
  [0 0 0]
  [0 0 0]]

 [[0 0 0]
  [0 0 0]
  [0 0 0]]

 [[0 0 0]
  [0 0 0]
  [0 0 0]]

 [[0 0 0]
  [0 0 0]
  [0 0 0]]

 [[0 0 0]
  [0 0 0]
  [0 0 0]]]","[[[0 0 0]
  [0 0 0]
  [0 0 0]]

 [[0 0 0]
  [0 0 0]
  [0 0 0]]

 [[0 0 0]
  [0 0 0]
  [0 0 0]]

 [[0 0 0]
  [0 0 0]
  [0 0 0]]

 [[0 0 0]
  [0 0 0]
  [0 0 0]]

 [[0 0 0]
  [0 0 0]
  [0 0 0]]

 [[0 0 0]
  [0 0 0]
  [0 0 0]]

 [[0 0 0]
  [0 0 0]
  [0 0 0]]]","[[[0 0 0]
  [0 0 0]
  [0 0 0]]

 [[0 0 0]
  [0 0 0]
  [0 0 0]]

 [[0 0 0]
  [0 0 0]
  [0 0 0]]

 [[0 0 0]
  [0 0 0]
  [0 0 0]]

 [[0 0 0]
  [0 0 0]
  [0 0 0]]

 [[0 0 0]
  [0 0 0]
  [0 0 0]]

 [[0 0 0]
  [0 0 0]
  [0 0 0]]

 [[0 0 0]
  [0 0 0]
  [0 0 0]]]","[[[0 0 0]
  [0 0 0]
  [0 0 0]]

 [[0 0 0]
  [0 0 0]
  [0 0 0]]

 [[0 0 0]
  [0 0 0]
  [0 0 0]]

 [[0 0 0]
  [0 0 0]
  [0 0 0]]

 [[0 0 0]
  [0 0 0]
  [0 0 0]]

 [[0 0 0]
  [0 0 0]
  [0 0 0]]

 [[0 0 0]
  [0 0 0]
  [0 0 0]]

 [[0 0 0]
  [0 0 0]
  [0 0 0]]]","[[[0 0 0]
  [0 0 0]
  [0 0 0]]

 [[0 0 0]
  [0 0 0]
  [0 0 0]]

 [[0 0 0]
  [0 0 0]
  [0 0 0]]

 [[0 0 0]
  [0 0 0]
  [0 0 0]]

 [[0 0 0]
  [0 0 0]
  [0 0 0]]

 [[0 0 0]
  [0 0 0]
  [0 0 0]]

 [[0 0 0]
  [0 0 0]
  [0 0 0]]

 [[0 0 0]
  [0 0 0]
  [0 0 0]]]","[[[0 0 0]
  [0 0 0]
  [0 0 0]]

 [[0 0 0]
  [0 0 0]
  [0 0 0]]

 [[0 0 0]
  [0 0 0]
  [0 0 0]]

 [[0 0 0]
  [0 0 0]
  [0 0 0]]

 [[0 0 0]
  [0 0 0]
  [0 0 0]]

 [[0 0 0]
  [0 0 0]
  [0 0 0]]

 [[0 0 0]
  [0 0 0]
  [0 0 0]]

 [[0 0 0]
  [0 0 0]
  [0 0 0]]]"
,,TwoComplement,"[[['00000000' '00000000' '00000000']
  ['00000000' '00000000' '00000000']
  ['00000000' '00000000' '00000000']]

 [['00000000' '00000000' '00000000']
  ['00000000' '00000000' '00000000']
  ['00000000' '00000000' '00000000']]

 [['00000000' '00000000' '00000000']
  ['00000000' '00000000' '00000000']
  ['00000000' '00000000' '00000000']]

 [['00000000' '00000000' '00000000']
  ['00000000' '00000000' '00000000']
  ['00000000' '00000000' '00000000']]

 [['00000000' '00000000' '00000000']
  ['00000000' '00000000' '00000000']
  ['00000000' '00000000' '00000000']]

 [['00000000' '00000000' '00000000']
  ['00000000' '00000000' '00000000']
  ['00000000' '00000000' '00000000']]

 [['00000000' '00000000' '00000000']
  ['00000000' '00000000' '00000000']
  ['00000000' '00000000' '00000000']]

 [['00000000' '00000000' '00000000']
  ['00000000' '00000000' '00000000']
  ['00000000' '00000000' '00000000']]]","[[['00000000' '00000000' '00000000']
  ['00000000' '00000000' '00000000']
  ['00000000' '00000000' '00000000']]

 [['00000000' '00000000' '00000000']
  ['00000000' '00000000' '00000000']
  ['00000000' '00000000' '00000000']]

 [['00000000' '00000000' '00000000']
  ['00000000' '00000000' '00000000']
  ['00000000' '00000000' '00000000']]

 [['00000000' '00000000' '00000000']
  ['00000000' '00000000' '00000000']
  ['00000000' '00000000' '00000000']]

 [['00000000' '00000000' '00000000']
  ['00000000' '00000000' '00000000']
  ['00000000' '00000000' '00000000']]

 [['00000000' '00000000' '00000000']
  ['00000000' '00000000' '00000000']
  ['00000000' '00000000' '00000000']]

 [['00000000' '00000000' '00000000']
  ['00000000' '00000000' '00000000']
  ['00000000' '00000000' '00000000']]

 [['00000000' '00000000' '00000000']
  ['00000000' '00000000' '00000000']
  ['00000000' '00000000' '00000000']]]","[[['00000000' '00000000' '00000000']
  ['00000000' '00000000' '00000000']
  ['00000000' '00000000' '00000000']]

 [['00000000' '00000000' '00000000']
  ['00000000' '00000000' '00000000']
  ['00000000' '00000000' '00000000']]

 [['00000000' '00000000' '00000000']
  ['00000000' '00000000' '00000000']
  ['00000000' '00000000' '00000000']]

 [['00000000' '00000000' '00000000']
  ['00000000' '00000000' '00000000']
  ['00000000' '00000000' '00000000']]

 [['00000000' '00000000' '00000000']
  ['00000000' '00000000' '00000000']
  ['00000000' '00000000' '00000000']]

 [['00000000' '00000000' '00000000']
  ['00000000' '00000000' '00000000']
  ['00000000' '00000000' '00000000']]

 [['00000000' '00000000' '00000000']
  ['00000000' '00000000' '00000000']
  ['00000000' '00000000' '00000000']]

 [['00000000' '00000000' '00000000']
  ['00000000' '00000000' '00000000']
  ['00000000' '00000000' '00000000']]]","[[['00000000' '00000000' '00000000']
  ['00000000' '00000000' '00000000']
  ['00000000' '00000000' '00000000']]

 [['00000000' '00000000' '00000000']
  ['00000000' '00000000' '00000000']
  ['00000000' '00000000' '00000000']]

 [['00000000' '00000000' '00000000']
  ['00000000' '00000000' '00000000']
  ['00000000' '00000000' '00000000']]

 [['00000000' '00000000' '00000000']
  ['00000000' '00000000' '00000000']
  ['00000000' '00000000' '00000000']]

 [['00000000' '00000000' '00000000']
  ['00000000' '00000000' '00000000']
  ['00000000' '00000000' '00000000']]

 [['00000000' '00000000' '00000000']
  ['00000000' '00000000' '00000000']
  ['00000000' '00000000' '00000000']]

 [['00000000' '00000000' '00000000']
  ['00000000' '00000000' '00000000']
  ['00000000' '00000000' '00000000']]

 [['00000000' '00000000' '00000000']
  ['00000000' '00000000' '00000000']
  ['00000000' '00000000' '00000000']]]","[[['00000000' '00000000' '00000000']
  ['00000000' '00000000' '00000000']
  ['00000000' '00000000' '00000000']]

 [['00000000' '00000000' '00000000']
  ['00000000' '00000000' '00000000']
  ['00000000' '00000000' '00000000']]

 [['00000000' '00000000' '00000000']
  ['00000000' '00000000' '00000000']
  ['00000000' '00000000' '00000000']]

 [['00000000' '00000000' '00000000']
  ['00000000' '00000000' '00000000']
  ['00000000' '00000000' '00000000']]

 [['00000000' '00000000' '00000000']
  ['00000000' '00000000' '00000000']
  ['00000000' '00000000' '00000000']]

 [['00000000' '00000000' '00000000']
  ['00000000' '00000000' '00000000']
  ['00000000' '00000000' '00000000']]

 [['00000000' '00000000' '00000000']
  ['00000000' '00000000' '00000000']
  ['00000000' '00000000' '00000000']]

 [['00000000' '00000000' '00000000']
  ['00000000' '00000000' '00000000']
  ['00000000' '00000000' '00000000']]]","[[['00000000' '00000000' '00000000']
  ['00000000' '00000000' '00000000']
  ['00000000' '00000000' '00000000']]

 [['00000000' '00000000' '00000000']
  ['00000000' '00000000' '00000000']
  ['00000000' '00000000' '00000000']]

 [['00000000' '00000000' '00000000']
  ['00000000' '00000000' '00000000']
  ['00000000' '00000000' '00000000']]

 [['00000000' '00000000' '00000000']
  ['00000000' '00000000' '00000000']
  ['00000000' '00000000' '00000000']]

 [['00000000' '00000000' '00000000']
  ['00000000' '00000000' '00000000']
  ['00000000' '00000000' '00000000']]

 [['00000000' '00000000' '00000000']
  ['00000000' '00000000' '00000000']
  ['00000000' '00000000' '00000000']]

 [['00000000' '00000000' '00000000']
  ['00000000' '00000000' '00000000']
  ['00000000' '00000000' '00000000']]

 [['00000000' '00000000' '00000000']
  ['00000000' '00000000' '00000000']
  ['00000000' '00000000' '00000000']]]","[[['00000000' '00000000' '00000000']
  ['00000000' '00000000' '00000000']
  ['00000000' '00000000' '00000000']]

 [['00000000' '00000000' '00000000']
  ['00000000' '00000000' '00000000']
  ['00000000' '00000000' '00000000']]

 [['00000000' '00000000' '00000000']
  ['00000000' '00000000' '00000000']
  ['00000000' '00000000' '00000000']]

 [['00000000' '00000000' '00000000']
  ['00000000' '00000000' '00000000']
  ['00000000' '00000000' '00000000']]

 [['00000000' '00000000' '00000000']
  ['00000000' '00000000' '00000000']
  ['00000000' '00000000' '00000000']]

 [['00000000' '00000000' '00000000']
  ['00000000' '00000000' '00000000']
  ['00000000' '00000000' '00000000']]

 [['00000000' '00000000' '00000000']
  ['00000000' '00000000' '00000000']
  ['00000000' '00000000' '00000000']]

 [['00000000' '00000000' '00000000']
  ['00000000' '00000000' '00000000']
  ['00000000' '00000000' '00000000']]]","[[['00000000' '00000000' '00000000']
  ['00000000' '00000000' '00000000']
  ['00000000' '00000000' '00000000']]

 [['00000000' '00000000' '00000000']
  ['00000000' '00000000' '00000000']
  ['00000000' '00000000' '00000000']]

 [['00000000' '00000000' '00000000']
  ['00000000' '00000000' '00000000']
  ['00000000' '00000000' '00000000']]

 [['00000000' '00000000' '00000000']
  ['00000000' '00000000' '00000000']
  ['00000000' '00000000' '00000000']]

 [['00000000' '00000000' '00000000']
  ['00000000' '00000000' '00000000']
  ['00000000' '00000000' '00000000']]

 [['00000000' '00000000' '00000000']
  ['00000000' '00000000' '00000000']
  ['00000000' '00000000' '00000000']]

 [['00000000' '00000000' '00000000']
  ['00000000' '00000000' '00000000']
  ['00000000' '00000000' '00000000']]

 [['00000000' '00000000' '00000000']
  ['00000000' '00000000' '00000000']
  ['00000000' '00000000' '00000000']]]"
,Biases,Trained Biases orig.,"[[-0.07925986]
 [-0.07509811]
 [-0.19805467]
 [ 0.08150859]
 [ 0.00309158]
 [-0.08287056]
 [-0.03541359]
 [-0.08353663]]","Shape = (8, 1)"
,,8-bit scaled biases: ,"[[0]
 [0]
 [0]
 [0]
 [0]
 [0]
 [0]
 [0]]"
,,TwoComplement,"[['00000000']
 ['00000000']
 ['00000000']
 ['00000000']
 ['00000000']
 ['00000000']
 ['00000000']
 ['00000000']]"
,Stride,"(1, 1)"
,Padding,none
,Activation,relu
,Bit Depth,8
Layer,Conv2D_4
,Kernels,8
,Kernel Shape,"(8, 3, 3)"
,Weights,"Shape = (8, 8, 3, 3)"
,,Trained Weights orig.,"[[[-0.06555307 -0.06077404 -0.21289594]
  [-0.05929155 -0.07560682 -0.07981888]
  [-0.01340932 -0.03177732  0.02164003]]

 [[-0.04651433  0.0596325   0.0370261 ]
  [ 0.08449311 -0.0372884   0.05220087]
  [-0.02993268  0.10013565  0.06326944]]

 [[ 0.03668177  0.17919152  0.16125482]
  [-0.0257675  -0.04055076  0.05270802]
  [-0.05447165  0.0645319   0.16459412]]

 [[ 0.08276744  0.17157555  0.23235548]
  [ 0.00687021  0.12932421  0.08256926]
  [ 0.01561745  0.03000094  0.0952756 ]]

 [[-0.08829845 -0.00602421 -0.06346329]
  [-0.13954892  0.00998413 -0.00749937]
  [-0.01856178  0.0428787   0.04573243]]

 [[-0.14644881  0.05701756  0.08472186]
  [-0.14619509 -0.00287929 -0.01776061]
  [-0.07815653 -0.05049475 -0.16336768]]

 [[ 0.08138512  0.16471982  0.12126602]
  [ 0.06664867  0.11732024 -0.02454655]
  [-0.01774543  0.12045151  0.04317497]]

 [[-0.1471049  -0.12152171 -0.03916549]
  [-0.10719036 -0.07094244 -0.03536405]
  [-0.03710974 -0.06562408 -0.02332681]]]","[[[ 0.01073101  0.00225868 -0.13801415]
  [-0.0432607  -0.18411543 -0.31723562]
  [ 0.0899289  -0.07502999 -0.06526926]]

 [[-0.00328652 -0.03678221  0.0133136 ]
  [-0.03197689 -0.06685682  0.06204774]
  [-0.01526529 -0.00102701 -0.01543644]]

 [[ 0.09155718  0.23608175  0.28692315]
  [-0.1494132   0.04143012  0.11900357]
  [-0.23020358 -0.09709778 -0.02662765]]

 [[-0.21594429 -0.11419036  0.1121257 ]
  [-0.23734402 -0.02208963 -0.10975129]
  [-0.1373685  -0.10529087 -0.16353163]]

 [[-0.00768846 -0.00652623  0.16297813]
  [-0.23359505 -0.06391133  0.14544489]
  [-0.21472036 -0.10378609 -0.04122981]]

 [[-0.0520033   0.07906443  0.0850637 ]
  [-0.19707546 -0.04497163  0.07500522]
  [-0.04949917 -0.23095041 -0.14482865]]

 [[-0.0833059   0.0486791   0.10790972]
  [-0.1676744  -0.08509467 -0.14864221]
  [-0.21355497 -0.15274354 -0.10244423]]

 [[ 0.01811202  0.08912368  0.14453064]
  [-0.26508996 -0.01427618  0.10679675]
  [-0.22175841 -0.04795825  0.00307463]]]","[[[-0.01125476  0.07885743  0.08544796]
  [-0.11548935  0.03751201  0.00939922]
  [ 0.02599808 -0.1078673  -0.08330288]]

 [[-0.02888364 -0.1972731  -0.10871832]
  [-0.03309956 -0.13496041 -0.10703202]
  [-0.12099588 -0.0826628  -0.12446092]]

 [[-0.04313392  0.1845019   0.17503841]
  [ 0.01921145  0.1661568   0.17341087]
  [-0.09932953  0.03336414  0.02093866]]

 [[-0.00250063 -0.22156171 -0.19909424]
  [-0.03152682 -0.18755462 -0.08738371]
  [-0.04807809 -0.33690086 -0.18323299]]

 [[ 0.07611757 -0.02776128  0.01622412]
  [ 0.00129294 -0.02433345  0.06896263]
  [-0.03140362  0.03583897  0.00059099]]

 [[ 0.02011495 -0.09256257 -0.16941718]
  [ 0.02368967 -0.01345306  0.07571752]
  [ 0.07607274  0.12257046  0.05887881]]

 [[-0.20028606 -0.1118873  -0.05047248]
  [-0.23853458 -0.15608503 -0.17928966]
  [-0.22894246 -0.24668414 -0.29605654]]

 [[-0.22188686 -0.15771681  0.00309289]
  [ 0.00358017 -0.06929767  0.09176194]
  [ 0.14299407 -0.01914495  0.14430115]]]","[[[ 0.13447678  0.28443463  0.19412868]
  [ 0.17110266  0.15040352  0.18458324]
  [ 0.21861813  0.10439181  0.13511568]]

 [[-0.03088004  0.07701985  0.10777492]
  [-0.07905979 -0.0109277   0.12821377]
  [ 0.066556    0.14673237  0.02379013]]

 [[-0.11274163 -0.16388808 -0.08089367]
  [-0.1377828  -0.00130238  0.06036321]
  [-0.023903    0.02353333  0.07334579]]

 [[-0.16004259 -0.02977863 -0.01463084]
  [-0.02564282  0.05244961 -0.0219457 ]
  [-0.04932693  0.10880472 -0.01738911]]

 [[-0.28089435 -0.13563577 -0.04746155]
  [-0.11982239  0.02078908  0.13894807]
  [-0.02508101  0.04881096  0.00554193]]

 [[-0.36781981 -0.05019244  0.11736369]
  [-0.13533662  0.14407536  0.16104616]
  [ 0.01450097  0.029895    0.06130301]]

 [[ 0.07923703  0.09216707 -0.12011455]
  [ 0.02449624 -0.01084191  0.02923914]
  [ 0.02852903 -0.00048926  0.00137406]]

 [[-0.28919278 -0.3399556  -0.05300645]
  [-0.14338101  0.03933981  0.11303687]
  [ 0.00120677  0.07800816  0.08347519]]]","[[[ 0.02603449 -0.02210695  0.06810109]
  [-0.1834292  -0.10147611 -0.01492471]
  [-0.04435326 -0.00774445 -0.07383628]]

 [[-0.16500469 -0.06201886 -0.12132456]
  [-0.04913679 -0.04311214 -0.14128614]
  [-0.08112051 -0.10852793  0.00891361]]

 [[-0.10281166 -0.11840226 -0.18421374]
  [-0.04645191 -0.01399296 -0.03346638]
  [-0.00589158 -0.03641681 -0.05901804]]

 [[-0.00663036  0.06342528 -0.00764754]
  [ 0.0600355   0.12955531  0.04010146]
  [ 0.08582821  0.02475785  0.15629654]]

 [[ 0.06389267  0.18569074  0.10705455]
  [-0.0009074   0.01664692  0.03857674]
  [ 0.10670738  0.03049959 -0.0282682 ]]

 [[ 0.06572624  0.15828448  0.0297291 ]
  [ 0.00230086  0.01286786 -0.01534921]
  [ 0.0727954   0.05643988  0.07675375]]

 [[ 0.04686876  0.07701406 -0.06741505]
  [ 0.08924605  0.03798445 -0.02565196]
  [-0.04135342  0.0824442   0.06676374]]

 [[-0.02005305  0.23737853 -0.04210264]
  [-0.03365242 -0.06142548 -0.02526745]
  [ 0.02798002  0.05033003 -0.0829111 ]]]","[[[ 5.97916006e-02  4.29734580e-02  1.41766390e-01]
  [-1.95718577e-01 -5.52020627e-02 -1.47347287e-01]
  [-7.50250825e-02 -7.60309065e-02 -1.71796674e-01]]

 [[-7.65030583e-02 -2.14225224e-04 -1.21543364e-01]
  [-3.38037616e-02 -5.47949292e-02 -3.10219784e-02]
  [-1.19859987e-01 -1.11674925e-01 -7.30012123e-02]]

 [[ 4.43993898e-02  3.98174382e-02  6.59694282e-02]
  [ 4.82516332e-03 -1.13932309e-02  9.80876009e-02]
  [ 1.22241083e-03 -1.58559827e-01 -1.23527849e-01]]

 [[-9.18350494e-02 -8.96904471e-03  6.49211622e-02]
  [-8.78302740e-02 -2.98230199e-02  6.12785051e-02]
  [-2.04307741e-01 -7.46405032e-02 -1.11537411e-01]]

 [[ 4.46302451e-02  3.04045252e-02  9.25964647e-02]
  [-5.97157415e-02 -4.27237730e-02 -5.07343215e-02]
  [-1.93565571e-02  1.98515266e-02  8.58433358e-02]]

 [[ 9.34661312e-02  8.34034718e-02  1.07336505e-02]
  [ 3.13984915e-02  8.91326946e-02  1.82033338e-02]
  [ 1.34067058e-02  4.31259957e-02  7.29052732e-02]]

 [[-1.23022705e-01  7.28261909e-02  4.86197104e-02]
  [-2.72503983e-02 -3.79146917e-02  1.01825080e-02]
  [-1.41886628e-01 -2.17244127e-01 -2.55654926e-01]]

 [[ 8.27494089e-02  1.11691623e-01  6.69992788e-02]
  [ 1.15577082e-01  7.37966017e-02  1.21040033e-01]
  [ 1.42343995e-04  1.00964266e-01  1.77732408e-01]]]","[[[ 0.03556346  0.02735857 -0.01201192]
  [ 0.00067235 -0.03383919  0.05120833]
  [-0.01426611 -0.01564474 -0.01247444]]

 [[ 0.03275019 -0.06469845 -0.06180071]
  [-0.03706058  0.04310572 -0.02823469]
  [ 0.01573492 -0.08748538  0.09128307]]

 [[-0.0023661  -0.03618842 -0.00424055]
  [ 0.03847431 -0.03485278  0.02106562]
  [-0.0781519  -0.03526326 -0.04079783]]

 [[-0.05957856  0.01512692 -0.04859234]
  [-0.07558306 -0.00607415 -0.03237167]
  [ 0.05700584  0.06593264 -0.03043617]]

 [[ 0.03068987 -0.00342687  0.02594161]
  [ 0.01818629 -0.03825547  0.05824059]
  [-0.04351728 -0.074183    0.07149282]]

 [[ 0.01066238 -0.05616333  0.04675287]
  [ 0.03225539 -0.00831543 -0.06573565]
  [-0.03923155  0.02359398  0.02752461]]

 [[ 0.01924395 -0.02134618 -0.00290155]
  [-0.03603621 -0.04364119 -0.01815904]
  [ 0.0106753   0.02756651 -0.02793556]]

 [[-0.03353981 -0.02903696  0.00406269]
  [-0.0013076  -0.03391905  0.0101125 ]
  [ 0.01323414  0.03675098 -0.04950121]]]","[[[ 0.00437073  0.02633028 -0.03826798]
  [-0.04865945 -0.08665486  0.06071157]
  [-0.08302684 -0.04160189  0.01914035]]

 [[-0.12889829 -0.15444195 -0.12208827]
  [-0.12162472 -0.13909524 -0.02997819]
  [-0.02365743  0.0115918  -0.0377675 ]]

 [[-0.14175844 -0.05229577 -0.07892551]
  [-0.05416072 -0.06133782 -0.01931451]
  [ 0.09787166 -0.08546702 -0.03914639]]

 [[-0.10951673 -0.02395494 -0.01746439]
  [ 0.01385066 -0.12427294 -0.01280605]
  [ 0.2041052   0.10830228  0.13803288]]

 [[-0.07928721 -0.09493491 -0.15704124]
  [ 0.13498253  0.01589332 -0.02703319]
  [ 0.10896887  0.09475587  0.05883624]]

 [[ 0.02069241 -0.04482225 -0.02935277]
  [ 0.13154013 -0.03310212 -0.0560333 ]
  [ 0.02624252  0.039173   -0.0017371 ]]

 [[ 0.04415223 -0.03457447 -0.01532394]
  [ 0.0751624  -0.05379331  0.01911836]
  [ 0.14619244  0.13668743  0.06056303]]

 [[-0.08215762 -0.08753718 -0.07965914]
  [ 0.08992134  0.02721382 -0.08469924]
  [ 0.19843451  0.05932587  0.14250696]]]"
,,Bit Depth,8
,,Scaling factor for 8-bit conversion,1.0
,,7-bit + 1-bit sign scaled weights: ,"[[[0 0 0]
  [0 0 0]
  [0 0 0]]

 [[0 0 0]
  [0 0 0]
  [0 0 0]]

 [[0 0 0]
  [0 0 0]
  [0 0 0]]

 [[0 0 0]
  [0 0 0]
  [0 0 0]]

 [[0 0 0]
  [0 0 0]
  [0 0 0]]

 [[0 0 0]
  [0 0 0]
  [0 0 0]]

 [[0 0 0]
  [0 0 0]
  [0 0 0]]

 [[0 0 0]
  [0 0 0]
  [0 0 0]]]","[[[0 0 0]
  [0 0 0]
  [0 0 0]]

 [[0 0 0]
  [0 0 0]
  [0 0 0]]

 [[0 0 0]
  [0 0 0]
  [0 0 0]]

 [[0 0 0]
  [0 0 0]
  [0 0 0]]

 [[0 0 0]
  [0 0 0]
  [0 0 0]]

 [[0 0 0]
  [0 0 0]
  [0 0 0]]

 [[0 0 0]
  [0 0 0]
  [0 0 0]]

 [[0 0 0]
  [0 0 0]
  [0 0 0]]]","[[[0 0 0]
  [0 0 0]
  [0 0 0]]

 [[0 0 0]
  [0 0 0]
  [0 0 0]]

 [[0 0 0]
  [0 0 0]
  [0 0 0]]

 [[0 0 0]
  [0 0 0]
  [0 0 0]]

 [[0 0 0]
  [0 0 0]
  [0 0 0]]

 [[0 0 0]
  [0 0 0]
  [0 0 0]]

 [[0 0 0]
  [0 0 0]
  [0 0 0]]

 [[0 0 0]
  [0 0 0]
  [0 0 0]]]","[[[0 0 0]
  [0 0 0]
  [0 0 0]]

 [[0 0 0]
  [0 0 0]
  [0 0 0]]

 [[0 0 0]
  [0 0 0]
  [0 0 0]]

 [[0 0 0]
  [0 0 0]
  [0 0 0]]

 [[0 0 0]
  [0 0 0]
  [0 0 0]]

 [[0 0 0]
  [0 0 0]
  [0 0 0]]

 [[0 0 0]
  [0 0 0]
  [0 0 0]]

 [[0 0 0]
  [0 0 0]
  [0 0 0]]]","[[[0 0 0]
  [0 0 0]
  [0 0 0]]

 [[0 0 0]
  [0 0 0]
  [0 0 0]]

 [[0 0 0]
  [0 0 0]
  [0 0 0]]

 [[0 0 0]
  [0 0 0]
  [0 0 0]]

 [[0 0 0]
  [0 0 0]
  [0 0 0]]

 [[0 0 0]
  [0 0 0]
  [0 0 0]]

 [[0 0 0]
  [0 0 0]
  [0 0 0]]

 [[0 0 0]
  [0 0 0]
  [0 0 0]]]","[[[0 0 0]
  [0 0 0]
  [0 0 0]]

 [[0 0 0]
  [0 0 0]
  [0 0 0]]

 [[0 0 0]
  [0 0 0]
  [0 0 0]]

 [[0 0 0]
  [0 0 0]
  [0 0 0]]

 [[0 0 0]
  [0 0 0]
  [0 0 0]]

 [[0 0 0]
  [0 0 0]
  [0 0 0]]

 [[0 0 0]
  [0 0 0]
  [0 0 0]]

 [[0 0 0]
  [0 0 0]
  [0 0 0]]]","[[[0 0 0]
  [0 0 0]
  [0 0 0]]

 [[0 0 0]
  [0 0 0]
  [0 0 0]]

 [[0 0 0]
  [0 0 0]
  [0 0 0]]

 [[0 0 0]
  [0 0 0]
  [0 0 0]]

 [[0 0 0]
  [0 0 0]
  [0 0 0]]

 [[0 0 0]
  [0 0 0]
  [0 0 0]]

 [[0 0 0]
  [0 0 0]
  [0 0 0]]

 [[0 0 0]
  [0 0 0]
  [0 0 0]]]","[[[0 0 0]
  [0 0 0]
  [0 0 0]]

 [[0 0 0]
  [0 0 0]
  [0 0 0]]

 [[0 0 0]
  [0 0 0]
  [0 0 0]]

 [[0 0 0]
  [0 0 0]
  [0 0 0]]

 [[0 0 0]
  [0 0 0]
  [0 0 0]]

 [[0 0 0]
  [0 0 0]
  [0 0 0]]

 [[0 0 0]
  [0 0 0]
  [0 0 0]]

 [[0 0 0]
  [0 0 0]
  [0 0 0]]]"
,,TwoComplement,"[[['00000000' '00000000' '00000000']
  ['00000000' '00000000' '00000000']
  ['00000000' '00000000' '00000000']]

 [['00000000' '00000000' '00000000']
  ['00000000' '00000000' '00000000']
  ['00000000' '00000000' '00000000']]

 [['00000000' '00000000' '00000000']
  ['00000000' '00000000' '00000000']
  ['00000000' '00000000' '00000000']]

 [['00000000' '00000000' '00000000']
  ['00000000' '00000000' '00000000']
  ['00000000' '00000000' '00000000']]

 [['00000000' '00000000' '00000000']
  ['00000000' '00000000' '00000000']
  ['00000000' '00000000' '00000000']]

 [['00000000' '00000000' '00000000']
  ['00000000' '00000000' '00000000']
  ['00000000' '00000000' '00000000']]

 [['00000000' '00000000' '00000000']
  ['00000000' '00000000' '00000000']
  ['00000000' '00000000' '00000000']]

 [['00000000' '00000000' '00000000']
  ['00000000' '00000000' '00000000']
  ['00000000' '00000000' '00000000']]]","[[['00000000' '00000000' '00000000']
  ['00000000' '00000000' '00000000']
  ['00000000' '00000000' '00000000']]

 [['00000000' '00000000' '00000000']
  ['00000000' '00000000' '00000000']
  ['00000000' '00000000' '00000000']]

 [['00000000' '00000000' '00000000']
  ['00000000' '00000000' '00000000']
  ['00000000' '00000000' '00000000']]

 [['00000000' '00000000' '00000000']
  ['00000000' '00000000' '00000000']
  ['00000000' '00000000' '00000000']]

 [['00000000' '00000000' '00000000']
  ['00000000' '00000000' '00000000']
  ['00000000' '00000000' '00000000']]

 [['00000000' '00000000' '00000000']
  ['00000000' '00000000' '00000000']
  ['00000000' '00000000' '00000000']]

 [['00000000' '00000000' '00000000']
  ['00000000' '00000000' '00000000']
  ['00000000' '00000000' '00000000']]

 [['00000000' '00000000' '00000000']
  ['00000000' '00000000' '00000000']
  ['00000000' '00000000' '00000000']]]","[[['00000000' '00000000' '00000000']
  ['00000000' '00000000' '00000000']
  ['00000000' '00000000' '00000000']]

 [['00000000' '00000000' '00000000']
  ['00000000' '00000000' '00000000']
  ['00000000' '00000000' '00000000']]

 [['00000000' '00000000' '00000000']
  ['00000000' '00000000' '00000000']
  ['00000000' '00000000' '00000000']]

 [['00000000' '00000000' '00000000']
  ['00000000' '00000000' '00000000']
  ['00000000' '00000000' '00000000']]

 [['00000000' '00000000' '00000000']
  ['00000000' '00000000' '00000000']
  ['00000000' '00000000' '00000000']]

 [['00000000' '00000000' '00000000']
  ['00000000' '00000000' '00000000']
  ['00000000' '00000000' '00000000']]

 [['00000000' '00000000' '00000000']
  ['00000000' '00000000' '00000000']
  ['00000000' '00000000' '00000000']]

 [['00000000' '00000000' '00000000']
  ['00000000' '00000000' '00000000']
  ['00000000' '00000000' '00000000']]]","[[['00000000' '00000000' '00000000']
  ['00000000' '00000000' '00000000']
  ['00000000' '00000000' '00000000']]

 [['00000000' '00000000' '00000000']
  ['00000000' '00000000' '00000000']
  ['00000000' '00000000' '00000000']]

 [['00000000' '00000000' '00000000']
  ['00000000' '00000000' '00000000']
  ['00000000' '00000000' '00000000']]

 [['00000000' '00000000' '00000000']
  ['00000000' '00000000' '00000000']
  ['00000000' '00000000' '00000000']]

 [['00000000' '00000000' '00000000']
  ['00000000' '00000000' '00000000']
  ['00000000' '00000000' '00000000']]

 [['00000000' '00000000' '00000000']
  ['00000000' '00000000' '00000000']
  ['00000000' '00000000' '00000000']]

 [['00000000' '00000000' '00000000']
  ['00000000' '00000000' '00000000']
  ['00000000' '00000000' '00000000']]

 [['00000000' '00000000' '00000000']
  ['00000000' '00000000' '00000000']
  ['00000000' '00000000' '00000000']]]","[[['00000000' '00000000' '00000000']
  ['00000000' '00000000' '00000000']
  ['00000000' '00000000' '00000000']]

 [['00000000' '00000000' '00000000']
  ['00000000' '00000000' '00000000']
  ['00000000' '00000000' '00000000']]

 [['00000000' '00000000' '00000000']
  ['00000000' '00000000' '00000000']
  ['00000000' '00000000' '00000000']]

 [['00000000' '00000000' '00000000']
  ['00000000' '00000000' '00000000']
  ['00000000' '00000000' '00000000']]

 [['00000000' '00000000' '00000000']
  ['00000000' '00000000' '00000000']
  ['00000000' '00000000' '00000000']]

 [['00000000' '00000000' '00000000']
  ['00000000' '00000000' '00000000']
  ['00000000' '00000000' '00000000']]

 [['00000000' '00000000' '00000000']
  ['00000000' '00000000' '00000000']
  ['00000000' '00000000' '00000000']]

 [['00000000' '00000000' '00000000']
  ['00000000' '00000000' '00000000']
  ['00000000' '00000000' '00000000']]]","[[['00000000' '00000000' '00000000']
  ['00000000' '00000000' '00000000']
  ['00000000' '00000000' '00000000']]

 [['00000000' '00000000' '00000000']
  ['00000000' '00000000' '00000000']
  ['00000000' '00000000' '00000000']]

 [['00000000' '00000000' '00000000']
  ['00000000' '00000000' '00000000']
  ['00000000' '00000000' '00000000']]

 [['00000000' '00000000' '00000000']
  ['00000000' '00000000' '00000000']
  ['00000000' '00000000' '00000000']]

 [['00000000' '00000000' '00000000']
  ['00000000' '00000000' '00000000']
  ['00000000' '00000000' '00000000']]

 [['00000000' '00000000' '00000000']
  ['00000000' '00000000' '00000000']
  ['00000000' '00000000' '00000000']]

 [['00000000' '00000000' '00000000']
  ['00000000' '00000000' '00000000']
  ['00000000' '00000000' '00000000']]

 [['00000000' '00000000' '00000000']
  ['00000000' '00000000' '00000000']
  ['00000000' '00000000' '00000000']]]","[[['00000000' '00000000' '00000000']
  ['00000000' '00000000' '00000000']
  ['00000000' '00000000' '00000000']]

 [['00000000' '00000000' '00000000']
  ['00000000' '00000000' '00000000']
  ['00000000' '00000000' '00000000']]

 [['00000000' '00000000' '00000000']
  ['00000000' '00000000' '00000000']
  ['00000000' '00000000' '00000000']]

 [['00000000' '00000000' '00000000']
  ['00000000' '00000000' '00000000']
  ['00000000' '00000000' '00000000']]

 [['00000000' '00000000' '00000000']
  ['00000000' '00000000' '00000000']
  ['00000000' '00000000' '00000000']]

 [['00000000' '00000000' '00000000']
  ['00000000' '00000000' '00000000']
  ['00000000' '00000000' '00000000']]

 [['00000000' '00000000' '00000000']
  ['00000000' '00000000' '00000000']
  ['00000000' '00000000' '00000000']]

 [['00000000' '00000000' '00000000']
  ['00000000' '00000000' '00000000']
  ['00000000' '00000000' '00000000']]]","[[['00000000' '00000000' '00000000']
  ['00000000' '00000000' '00000000']
  ['00000000' '00000000' '00000000']]

 [['00000000' '00000000' '00000000']
  ['00000000' '00000000' '00000000']
  ['00000000' '00000000' '00000000']]

 [['00000000' '00000000' '00000000']
  ['00000000' '00000000' '00000000']
  ['00000000' '00000000' '00000000']]

 [['00000000' '00000000' '00000000']
  ['00000000' '00000000' '00000000']
  ['00000000' '00000000' '00000000']]

 [['00000000' '00000000' '00000000']
  ['00000000' '00000000' '00000000']
  ['00000000' '00000000' '00000000']]

 [['00000000' '00000000' '00000000']
  ['00000000' '00000000' '00000000']
  ['00000000' '00000000' '00000000']]

 [['00000000' '00000000' '00000000']
  ['00000000' '00000000' '00000000']
  ['00000000' '00000000' '00000000']]

 [['00000000' '00000000' '00000000']
  ['00000000' '00000000' '00000000']
  ['00000000' '00000000' '00000000']]]"
,Biases,Trained Biases orig.,"[[ 0.06727204]
 [ 0.13447544]
 [ 0.07542279]
 [ 0.12713474]
 [-0.09359622]
 [-0.11058729]
 [-0.03480929]
 [-0.02796524]]","Shape = (8, 1)"
,,8-bit scaled biases: ,"[[0]
 [0]
 [0]
 [0]
 [0]
 [0]
 [0]
 [0]]"
,,TwoComplement,"[['00000000']
 ['00000000']
 ['00000000']
 ['00000000']
 ['00000000']
 ['00000000']
 ['00000000']
 ['00000000']]"
,Stride,"(1, 1)"
,Padding,none
,Activation,relu
,Bit Depth,8
Layer,MaxPool2D_1
,Pool Size,"(2, 2)"
,Padding,none
,Stride,"(1, 1)"
Layer,Flatten_1
Layer,Dense_1
,Output Neurons,10
,Input Shape,2888
,Weights,"Shape = (10, 2888)"
,,Trained Weights,"[-0.08497612 -0.11023817 -0.13225892 ... -0.15897062 -0.10783167
 -0.0801731 ]","[-0.05434813 -0.09000071 -0.09921383 ...  0.00954892 -0.01053964
 -0.01105864]","[ 0.01709306  0.00951008 -0.00332898 ...  0.069155    0.1120204
  0.05470188]","[ 0.07058533  0.04295051 -0.00353887 ... -0.27767157 -0.28015944
 -0.18866139]","[-0.0432635  -0.06896852 -0.09526816 ... -0.03578035  0.0157092
  0.0283089 ]","[ 0.00746793 -0.01197457  0.01617003 ... -0.18254809 -0.13197304
 -0.12437706]","[ 0.00620242  0.00135608 -0.00917861 ... -0.12830343 -0.10445892
 -0.06071779]","[-0.07095394 -0.07091108 -0.08627178 ... -0.19517089 -0.17978185
 -0.12806366]","[-0.07189577 -0.07032702 -0.09659286 ... -0.14486812 -0.09696167
 -0.08187013]","[-0.01145739 -0.02216577 -0.03942602 ... -0.07843069 -0.03779405
 -0.02325515]"
,Biases,Trained Biases,"[[-0.51452217]
 [-0.28498203]
 [-0.28759317]
 [-0.33186361]
 [-0.40405694]
 [-0.28919427]
 [-0.4834631 ]
 [-0.25084188]
 [-0.36150166]
 [-0.29564885]]","Shape = (10, 1)"
,Activation,softmax
Cost History,Length = 1564 cycles
2.302592131251352
2.303034843146307
2.302818677161895
2.30015844837779
2.3027424140792916
2.3045892116643563
2.2992311809863026
2.3009753107118045
2.291777839919826
2.268823438091852
2.2799257550877767
2.2780101512607813
2.2674362063855718
2.248645361036446
2.1284258094818065
2.1397025863115617
1.9244471191985726
1.9286327467561806
1.6199474238977816
1.3173233074849469
1.5859175382063295
1.4206149444567366
1.130525215411333
1.0449142618805818
1.1802317742852004
0.7002872279638505
0.7480117244681228
1.2823933180558869
0.8433919595762945
0.8216544141440033
1.087202173103955
0.883498381251684
0.7113503856519485
1.2590785517935164
1.0358289730534362
0.7267702187999939
0.7378380292651222
0.780027011368846
1.0245456758517864
0.8149098925224144
0.5722769083182255
0.8039353235756107
0.6922502491341187
0.5737966803049929
0.39694575112240416
0.736710799063638
0.7480005285793557
0.7096104126920376
0.6340279551947285
0.8949397968295563
0.9802023364767009
0.5019076002525292
0.7108761952381417
0.360865593642014
0.730520154977357
0.29140310501913663
1.0575523394241617
0.27188721772565544
0.5858898409741068
0.4150690183619352
0.796468907726273
0.5377397009371692
0.4575423579125472
0.7111076850064122
0.57900348748357
0.8256414608900129
0.7087121674774594
0.6443121818931128
0.6461753120148142
0.5388936541060475
0.702775305187433
0.3430296517010638
0.22263051171865236
1.075855336810703
0.5900579929226276
0.6264793898015786
0.741100612091486
0.41903992629577985
0.1900101382705265
0.4558169540872
0.6099711149284992
0.9744126276653052
0.6919902244428024
0.480881264460269
0.5434977086843839
0.31491380484138914
0.40182758967116566
0.3428382598138732
0.3840009435489498
0.5166742733467902
0.6761691488326764
0.7805163469603953
0.4925675722849418
0.5667364418402414
0.3207772963505996
0.47183474358775485
0.5561968519898286
0.4975841084093452
0.7366494559891152
0.40427977447016356
0.5095208549424213
0.5606322366887023
0.2806598415935712
0.24869731029438868
0.17697948567099353
0.25941320786839134
0.16891476436105268
0.5873315034756618
0.4070475585303526
0.7526230602758351
0.20191933051438038
0.5060346328394041
0.24081643425917515
0.17313532432064255
0.4499690820213732
0.39239927374211747
0.2012076098157911
0.4932498913230246
0.7157304812662841
0.5636600696557577
0.5032482178602218
0.9819087931691575
0.2995446546419872
0.5409578528033712
0.5441252597106168
0.3128661141591189
0.5747289367720874
0.3478525189453305
0.5697826036170138
0.2942178055627674
0.2551525747659454
0.6088966868865564
0.43630813278699926
0.7034617564330151
0.23587491578920086
0.4424796131049407
0.8007474735694121
0.3757889602110665
0.24781874985299548
0.2670710324581418
0.10320656575757146
0.6437059884512881
0.7976489488551927
0.13247731658243486
0.2534907424460797
0.39997031658431026
0.43337655604803016
0.21600806174912424
0.22926530607285384
0.35817538649236386
0.21839728599945787
0.6490737537231513
0.29218864707851616
0.18778607035282407
0.46837396159652805
0.23973751745475583
0.12535148203228377
0.6341926040358973
0.36423183425069333
0.6893018042081817
0.5801621551055599
0.49087654963189753
0.1370156795745652
0.0211736327185226
0.3909711566989128
0.20801112523235493
0.17808524676235493
0.2599271260824875
0.3882185348853858
0.8489939382739022
0.1826794229902163
0.1760871458264644
0.49126595979430354
0.24228326777591996
0.4719959683041261
0.19692927173800145
0.21397356971457068
0.40826226900237705
0.3407603053139331
0.5584106196148391
0.34829529642946455
0.4765223174588718
0.184879654278013
0.5395255848665944
0.10048447279998904
0.7277419792485356
0.18124031432743795
0.29007066200223464
0.7411107273478126
0.13894050308092867
0.21552643770524085
0.32929680126130956
0.14927852814107068
1.0383597254976598
0.23528818660989337
0.3201656341372514
0.125665631902471
0.5006635887648919
0.30006761930509784
0.04615612401657107
0.169929400333575
0.3188713333451202
0.48043963711714555
0.1916026708198059
0.8226430270228299
0.4737304874603984
0.22284601476403795
0.32011077755970563
0.23056391062718665
0.5202219132153407
0.46835958758072715
0.2694859138045529
0.41300391902219896
0.2400101647864721
0.25298644347478016
0.07550004603727668
0.08951593344232729
0.4501916973677797
0.1385630472514454
0.12487715591031275
0.5466275574366284
0.044686496489315636
0.3262594416231882
0.22731560607685966
0.19290977361821868
0.24678036532733869
0.3450968381844935
0.08184417128206652
0.16531752383379716
0.5166773203575441
0.19063804123012082
0.21637698599335917
0.10368943620488205
0.4475493112415126
0.14228119960545896
0.14475522863522589
0.4489716973283323
0.7187096150977347
0.3236139260310596
0.6102174902962632
0.14493533974312714
0.5462909200342978
0.6978520556703378
0.2020526541484158
0.22350433347353843
0.5072008458028275
0.25034601037833504
0.18127111129135443
0.2680039639266669
0.16323009145531947
0.7432956605901798
0.4040540956648833
0.3403704349312487
0.4514666391263909
0.4759944359297804
0.40267785791775706
0.6239172405075488
0.5172748684941003
0.3429816546842803
0.27471020693709847
0.5463971571290613
0.09227275061499995
0.29578315177057957
0.09055031343295522
0.05879853371549282
0.6076334209174714
0.16172132296349123
0.10247624841733757
0.24727576426046105
0.17744704593774763
0.14956946119702863
0.1957014879172559
0.20282804607998556
0.3034725402652603
0.2499537517513528
0.09233165323430219
0.8705874856229163
0.17880650134179418
0.10113940830338097
0.5038788917841553
0.7543212116035256
0.25547930051612244
0.2499970242622512
0.11507415225782225
0.07691037917673924
0.3151718129018235
0.37709076263043234
0.6088232551114166
0.38953465932182973
0.08215118032106224
0.055773402055206166
0.07787373381356069
0.09391453302169413
0.40954612014267106
0.05468518225542215
0.020470903326700523
0.11705142011114684
0.5044333105279061
0.12768769609063546
0.07069290935256174
0.03987026927524887
0.024666096708848402
0.16923087833625847
0.037141685373516996
0.10316345112692121
0.24418681632559
0.026791851993515872
0.5031617919474506
0.3990156495596653
0.14614378808982212
0.3553400143784634
0.10335939922688626
0.02972546072338713
0.13113955563264018
1.0186248071991069
0.4377460704183862
0.4940892834398441
0.034470204069047855
0.08069233523745235
0.07754691286679521
0.1949657471615816
0.3864023015643159
0.2915550555227496
0.580571202918697
0.16135244453649003
0.12533059823818252
0.14921921688682974
0.2346188409969833
0.07940489937535207
0.13300922512583896
0.31042270915595427
0.13181407966623693
0.4325137844819724
0.3156942418935566
0.10847798786413743
0.14001050021641087
0.27641691339773833
0.12157504217483407
0.3315341008665959
0.44553737345152056
0.3825724644757708
0.28857041730389926
0.2894929639971668
0.1913780605431429
0.07098175532104055
0.07241855828330789
0.5284071147790657
0.07491123334522548
0.012833633074224575
0.029804450359826686
0.2209508478725496
0.4187729588497744
0.3355793081556361
0.41671652506162404
0.1856489487332858
0.09255509582889701
0.05732532273866847
0.33982701112668007
0.3426145150229952
0.18315477274258224
0.12619712350311474
0.4186476139603767
0.09833176928288102
0.5382370221188766
0.3372228746552934
0.503484855593494
0.2504116348527815
0.2034168398820784
0.06295583434305095
0.09229365553237756
0.16835950742060526
0.2229221507380637
0.12642705941703658
0.18294602159458473
0.13439307993584754
0.32104169594348525
0.2103418517633803
0.37511601629516067
0.38700528971619175
0.15977221523476964
0.3107248610462876
0.05357182793461304
0.04419476078283004
0.16175232130051045
0.02649678524330032
0.447831467646574
0.236963566385954
0.12583444170856808
0.1447460183269423
0.07660839355875004
0.13326849665993337
0.09887907927984259
0.2910524625789096
0.5241091065265149
0.32672616079034605
0.2257162895213085
0.15241927080341997
0.20947166745562273
0.047931891691359536
0.20991899876073938
0.430751530636428
0.3049106833040138
0.09397819141272913
0.21336071649274588
0.5188800184011761
0.5667756300289714
0.07858863779785483
0.25975495833376316
0.5141167468645336
0.14745526973904063
0.212122799861146
0.17119552266873425
0.37750382962595047
0.35772731967666255
0.5574523038064348
0.7217345115828654
0.31616374420741655
0.1757087245009067
0.13249077572003518
0.08072197332639064
0.03224551401037263
0.2801687496109628
0.06457943896268971
0.30505479306124345
1.2024219716562425
0.27715563681708083
0.260124095546925
0.06077929214016242
0.08804382211621127
0.014175343374238057
0.2258501675032299
0.6808413927348635
0.10587100521078299
0.14024212849643627
0.07487846672153696
0.11878836347552299
0.14147326656649947
0.10288391628729517
0.30217047940364483
0.0402277519339259
0.28562909675080894
0.11694829532904077
0.2415571949809212
0.35484615678219
0.5898521794049751
0.05846639286549828
0.2756383427885033
0.3205137187865751
0.06390737779974517
0.503783543885903
0.38389181933885136
0.17936392367180232
0.4292077691555403
0.19566269785749169
0.3562658864815601
0.26299088074458843
0.483123918021877
0.206202856139972
0.15187788223577128
0.19502783842805904
0.1429240505000406
0.06314863774272356
0.37937590753930683
0.1743195268457787
0.24798085439277345
0.06573510278277228
0.1555670610563976
0.11611063847475936
0.2135913128770631
0.060525625714115155
0.09456200634716358
0.04375775867254259
0.2198967649649984
0.09039456474489992
0.10332608804569274
0.11890338930200903
0.34113137348518785
0.5016732624864204
0.1465997845241908
0.21642581090402035
0.1954907643820567
0.05217681628466772
0.18087662691506162
0.5161130073503228
0.17680456671824019
0.47745261380828224
0.13019344561637958
0.02160917318708395
0.14329563544040122
0.10364374571069662
0.10946730186925303
0.5694392679200002
0.18459107200164215
0.12187929131150663
0.17697328296203388
0.14505740708730006
0.40663473260857697
0.3812392190494516
0.2903060895877798
0.37775079109875087
0.19388877057950202
0.07736452948788893
0.12956793123667873
0.10712228145733452
0.06292432950522486
0.18639257674252974
0.27068976328222527
0.15295945851474568
0.29894437798797613
0.4301770730341554
0.09158085521048825
0.15821163400026902
0.05226490884545896
0.1138848654702507
0.45318775684883733
0.12771099160356517
0.019326449048166414
0.31352398223696865
0.11897583052578356
0.17589712704319513
0.104099153485991
0.1071099243022881
0.025780246117149585
0.15281861746481196
0.06851483488797523
0.1427989107108892
0.500585433482161
0.07512169412155752
0.3410759812344162
0.12245184869710198
0.27216246619533574
0.012107321346498988
0.1327729833539088
0.27946637572405786
0.3581951181338412
0.022960704303430564
0.24299944332418402
0.019469594531314825
0.12083130977633137
0.08393170078827304
0.10839630360322935
0.226375427413628
0.18925924429340435
0.45649905909425087
0.2709572586651118
0.21717658292999992
0.057153708213318936
0.09599191726467357
0.10783423195249271
0.5064227973970183
0.17025787263666492
0.3991957164880143
0.6939381275858284
0.09313538166830906
0.12650016325421043
0.20565115331276063
0.098151563341502
0.06313603548190336
0.02804530859310768
0.21029033709280257
0.13223237700053064
0.13587472047529844
0.17178858953472317
0.003541230192638939
0.28840666966271655
0.1643115333350363
0.3892467389669498
0.133453578845553
0.1607441119363402
0.25445624148581447
0.5265418588758081
0.018419174944377576
0.21883760789052947
0.10736921135219525
0.6084434692577169
0.38471163887339915
0.025499655183442355
0.06446691110292248
0.34025289396088765
0.38227000226635444
0.4641479114202113
0.06262032118104524
0.17506706552934914
0.03550650987805988
0.31724018568201495
0.2090844790930273
0.06263244444359682
0.5625070690161248
0.40482862746757375
0.15712910611201225
0.1859276648741695
0.32804665922129284
0.01676665545778421
0.3196457378439269
0.29117734876848755
0.20533383354276813
0.1276500754948699
0.1301323294970385
0.23139672686357415
0.0327928894219488
0.0938781480486904
0.4117973218218025
0.12903731252933354
0.2611705542053175
0.05834678132280541
0.1953001513242523
0.08485078712002327
0.19878466255075597
0.1175795957643477
0.11397373762317776
0.020896956304251608
0.07701655224101729
0.07619237708970988
0.31561710951559474
0.4257018446142423
0.1672112178346041
0.19087538356545009
0.05712929864742488
0.09617274678690181
0.009553114343697112
0.4024603493753683
0.014788053641867919
0.14658145157529096
0.0825599101262707
0.13595000136565863
0.1284504580256565
0.5315660638824987
0.04702326707934407
0.7784143323531241
0.013108687845462996
0.294725653124369
0.30087918231857147
0.42036891314929453
0.10738176676402623
0.010214770502188093
0.006239814695036421
0.05584974242043027
0.06956260029386528
0.2989919487069873
0.011397560341703302
0.08833310057292308
0.6345571096741885
0.028114463461709052
0.05160034355963589
0.09199029739472196
0.04611406917036966
0.11403256644548773
0.10852638116537162
0.39350505913779493
0.2925804393025511
0.03070349562344451
0.08431880163024554
0.1286849340544492
0.5334067615283201
0.022467336994778535
0.2030859034554557
0.026065996399480325
0.01755244241593509
0.38091824926643364
0.10876146907124506
0.4294259046627712
0.5839855347422757
0.34783664751617194
0.15208663995676894
0.07911673299244505
0.01818194533954035
0.12822354903242422
0.5643960090154446
0.13984229361579797
0.14304709206388014
0.094023714830976
0.4535664414954231
0.16943067159779968
0.3181524128563861
0.3435002625484561
0.07328644428133899
0.04315921111898903
0.33076025411426935
0.0272626233313917
0.21394738449360676
0.03564072169407171
0.11025594289628092
0.029651203805674212
0.42974570796494926
0.08004597182447676
0.29138370468206964
0.09356330073463638
0.05424624029441194
0.25101746174963513
0.2855992225528159
0.1388985578380576
0.17904615930474815
0.4176693039214874
0.32848890445064177
0.1158422768685087
0.543657246487378
0.23822945926017244
0.2709095077271222
0.3702902259200985
0.043002130225973864
0.03246623999158719
0.028031834657399623
0.09335858331681467
0.23358838382093378
0.13007592669336474
0.8994518584428808
0.012238213701322234
0.2918063006619952
0.29711845380197566
0.06068422750778837
0.37908106581299594
0.06772371755837048
0.1034680638473757
0.2522167166777172
0.3094314755667145
0.4079683991676035
0.020478673973892046
0.04862493637592866
0.3154076214397034
0.0778499947942314
0.3425751587922612
0.15100115438984085
0.46534669234653053
0.151171664749126
0.1541089996932803
0.25776450649031846
0.049786762235638556
0.19753576880693624
0.4429891946863066
0.2279047081490068
0.10161263090917343
0.15761400495541397
0.16710624037957209
0.1364900962959544
0.4220195070554287
0.011280789720086637
0.026657080104770473
0.11012846174521487
0.368578546440679
0.07634894977686718
0.04286286676859279
0.0739336298430717
0.11846059728245908
0.4049812355211181
0.0324534842684154
0.18696190662635018
0.0455054281151624
0.307129686728119
0.1841602996332758
0.19420109401754254
0.03255416406692738
0.061604703576622184
0.22733010650992816
0.08724469188495536
0.011587998757434005
0.27194939243236066
0.4506937952984745
0.13549677475013
0.7158799164895824
0.15267021724369115
0.024804115804174746
0.1749827246937453
0.3183089080241481
0.03668476310695438
0.03395383291976187
0.022068237098016256
0.0020890737456820034
0.0049677489325239575
0.012631994059277316
0.00760450873515904
0.049187027148048734
0.06422264007994861
0.05502631494010939
0.05092141240214479
0.2218877906133466
0.11180043817001868
0.011074416034381853
0.3810382208135436
0.6865412651086289
0.0976064289746121
0.289496339695059
0.054126050424196555
0.05516415459113318
0.7000610571432881
0.2274829313509154
0.2672272195267692
0.09718400668842223
0.258885935815478
0.052650991927106074
0.22284232419964067
0.5221153436032461
0.032839693947676205
0.07918630941488594
0.2768480739560092
0.1157076113236544
0.21671804660095087
0.04997425278089218
0.229971671029349
0.14538905915202588
0.11684234325025773
0.16489242751314023
0.44490258163542573
0.2325900470158755
0.09332292217693657
0.05781053743418615
0.3108526525148524
0.3594794097035015
0.02156608446452612
0.43263388604809294
0.007249900467018965
0.22219259781095319
0.27459326011152857
0.96700623716221
0.008444013613585597
0.4585208062835559
0.04584931176519381
0.038860396868171464
0.23478182359186514
0.14775373281935528
0.03937996874032155
0.09778057090430688
0.02539687784042328
0.07685061621641709
0.0297991758361928
0.17810706073104435
0.0913608584443987
0.24069901615892075
0.12620071758034912
0.4805492414373293
0.01012818934216458
0.2997922362263528
0.07244303002681705
0.02025184988527467
0.21221387443547646
0.18232121087225286
0.12511494305698412
0.21129026872980353
0.030341938383477023
0.02381717663787524
0.00139315026917333
0.17985737400420143
0.1781107532758783
0.10521888745583352
0.03537123718488501
0.22322980419784302
0.02466025738679105
0.09791821000083961
0.3247216295950973
0.09338355393474444
0.31585589200103503
0.2409175221631622
0.10806086239966556
0.0736617906232933
0.07617071014354976
0.13528776714797902
0.7879906947608409
0.1079105698378765
0.2347375136595679
0.06916785030841392
0.06730859698268707
0.16540654459769216
0.10904740405418513
0.13912718189557152
0.12225464339098228
0.09170501902620924
0.2320168854432762
0.006716219256737646
0.13379057019424279
0.15329605292633866
0.045031391718258804
0.0894797915224997
0.8685863578607842
0.018318526193272178
0.2790473143115389
0.2929885443710789
0.25928869498641943
0.20999056546061642
0.16180291914752093
0.25752217853424
0.28115254334950734
0.13300108112323047
0.042126004979694084
0.17181690687959802
0.061811536011568496
0.20535176061124402
0.08788471676376386
0.05853724817760763
0.023487237450045537
0.003240344598482635
0.009356161999672602
0.020650885677463357
0.36932768856213405
0.17536944903427912
0.2998103021455082
0.4301505239564759
0.0877302261270278
0.1567770045019824
0.1940101657191947
0.20436911590320422
0.05434406636661435
0.11319767665017119
0.23304956755241651
0.0310122599959747
0.012026996326169638
0.4480165412957691
0.04166705402336567
0.003184401085758749
0.001987963518437982
0.042666640688925686
0.017472725914613026
0.4891494029232888
0.18680883120797323
0.07470880510168888
0.6103799528122769
0.0359827088363427
0.11000818118544657
0.46828583894651343
0.017819035944003803
0.003426026424893574
0.03873935939568412
0.375007473422336
0.1404487700724697
0.027434954000424984
0.08533492169894032
0.09983999566448697
0.7648868758644805
0.5872733208940544
0.049590113897579134
0.05200935629237782
0.05543776335618653
0.03819683773969739
0.22985864172430906
0.09171884180289812
0.2018764222764862
0.123537714893306
0.029049874714778528
0.25395969823281994
0.34237491268613973
0.08175215316768181
0.2713564920001397
0.0881106028665425
0.1091663202531352
0.1286277266446523
0.29554341187853955
0.25716556540415497
0.23201379946192816
0.11711696136631394
0.35226297415590335
0.007597958683842171
0.13423912813006117
0.0020444582885643654
0.13770894596990715
0.20062579227652375
0.1607908519615196
0.11636699899275864
0.09829916407269519
0.2734936672189425
0.30397239991031966
0.36271117348760745
0.4915225215261555
0.016082906564375048
0.29116992853985774
0.033733462817831385
0.10368478987478952
0.3416504532839413
0.06941382587281716
0.15438287678166798
0.06434440980592973
0.35585538454938453
0.18421692385497188
0.10754865730931194
0.1145794557101216
0.444188856358367
0.06622358256151753
0.03109913943841081
0.2683817866373707
0.03350985053420727
0.01981281020765829
0.07773661431245635
0.11894172954918661
0.051003534107077704
0.04887815264991574
0.31025446202325635
0.1441741705520636
0.08560458421785752
0.005741700101358318
0.6473037747853442
0.03656703444501973
0.03795013507997516
0.19656030267814556
0.18988862498111156
0.22198167934551438
0.416939345527338
0.13626252894107752
0.027028666476655493
0.017861169537113523
0.4987227863718148
0.0027445594146817804
0.0023082932892180283
0.01047809517819659
0.48097336715892747
0.413210911215906
0.04718845704253976
0.05136311438169387
0.07350466687301414
0.002758947634174982
0.004310440579759039
0.3548444708243016
0.02092437430440595
0.21353964391240626
0.07797805128228762
0.617986972527253
0.12980842221179237
0.07308099122192811
0.0750432996756145
0.2992832262453887
0.24719816672543207
0.04984560132386466
0.05604476236665218
0.07232267468432448
0.004298357251541801
0.015538749035288941
0.7519260353438806
0.08053035200754412
0.09057465005587464
0.028458615709555893
0.2730250446138915
0.1914251803523937
0.3492279235412778
0.047360274383749075
0.07397872543241354
0.38663884131167847
0.09578684361712093
0.1959575524596173
0.31024847832055624
0.08084146685714166
0.25259098539444375
0.3501949417905307
0.1822072227108168
0.23821304246737743
0.29120293056321533
0.026215354513206154
0.10089650542882253
0.23186757244828618
0.048714031646833904
0.13135232214735243
0.14017512136495727
0.19442769548917116
0.009618730834107025
0.18165686760055533
0.20044406495794967
0.03789975205035977
0.16846012945082878
0.3618930788921208
0.16018593905847084
0.01779510235306846
0.022191588729105947
0.03632989255459314
0.06228304296355785
0.08115444360047991
0.61950181954961
0.01162344593549998
0.3489050472186517
0.018924635692331784
0.08265027891718542
0.2999590103141281
0.14487942834591597
0.014182654094604535
0.08403766489565082
0.08338449204611979
0.771751193965043
0.12854411347457714
0.8348771267079425
0.008325967806923384
0.013339459948466092
0.25526186012820423
0.07404455750486265
0.23990135429225498
0.3286326496276298
0.14266396714535656
0.17300974492154667
0.10414729000696057
0.041759917773078574
0.0019298221902897678
0.18834921481406192
0.2767124372000434
0.02953586491194303
0.017572285109592686
0.021844492690295276
0.5000430929134342
0.31066141539519876
0.001246911398887582
0.3412151379962887
0.07911583216878827
0.003301267172141356
0.4616478380907092
0.33622780993075346
0.10607945604907634
0.17814203763867736
0.21995794318739273
0.11717355749438246
0.2311783528715794
0.04300580981046505
0.0162983274646334
0.057648214496996704
0.00850272797457449
0.20431296486059775
0.4437678157461223
0.16324459008544656
0.20964032914830039
0.10935997014638668
0.03152333161515047
0.04849400960781074
0.1467776264173202
0.3414010138603112
0.05036693521284697
0.17682457863707615
0.2249734771955396
0.00811419232909427
0.025857680593668463
0.0628136081964839
0.07978651227335073
0.06412356369146512
0.04764746119054817
0.054847427951676506
0.2727849900635079
0.007881390556997058
0.19533117637566275
0.13937891480981376
0.10286901629285643
0.0942746414533262
0.7776924011771681
0.056099144704929216
0.2048893493618452
0.24637458881724925
0.12059967596167684
0.11841828193009635
0.043171672203882155
0.07213655753940547
0.5360048152241942
0.24575210339761222
0.2321496927962535
0.1625574850589633
0.031165294111450633
0.2805866023819049
0.0028488717072456472
0.11705622851410843
0.23242956511101848
0.13258142406673443
0.484451985772481
0.05594673520171452
0.06429135486288946
0.015482611975368602
0.022261325479375628
0.07104659244769304
0.2798579577026792
0.003042177783148504
0.07031905128609027
0.06489657751998745
0.2537355201887512
0.006680348622826923
0.009112319166393327
0.013089619955723327
0.0009941783742578078
0.0649212651119048
0.02091959049806388
0.011028514422657997
0.32183721748002636
0.14110563291173137
0.1019317999285679
0.05128454456346841
0.03330998775478874
0.06563053356422588
0.0032532369975033565
0.06851838337564295
0.2328087774417462
0.003843797585541152
0.4157279051907439
0.39064874175292996
0.00298365059948294
0.3352720691872701
0.0009385303159087067
0.32002063260544544
0.007378111857116252
0.40373838442065957
0.11237158691826263
0.13378236485650347
0.14746889989122391
0.14680419806771758
0.005705215356228103
0.22660705928709207
0.0003873027122434461
0.8934952806368432
0.009795236538451869
0.10664683378309875
0.0358175803702659
0.2519187007007313
0.25989690315731245
0.04697597490752848
0.05217664827154819
0.8968926346377464
0.07257239819661752
1.0235827089249658
0.1411100113677585
0.11832361849679185
0.013278496345452768
0.26915913585604495
0.22041249775364108
0.08502144374126876
0.14023556704704837
0.36378236955928284
0.10137609224754082
0.045079772651865836
0.3977577449815636
0.029030459460782584
0.2219901926352666
0.1551760468516659
0.03510035216487552
0.18731508241294667
0.026535864334486216
0.052681319858084635
0.038119351909097814
0.06653473007714591
0.044958488551218596
0.05126490946452346
0.2609325949047417
0.24516764705674798
0.002051960786548738
0.06404379665481269
0.034334518327287324
0.11071599923984342
0.18667880250033606
0.062083619716015316
0.07948854398389688
0.3992000744338365
0.3360513644034639
0.14639722492628843
0.04660167309800811
0.17368738462898048
0.06848360024879983
0.09265883198443654
0.32247197613162315
0.7122835091491634
0.04502090665914929
0.08673156384259502
0.004072718191675127
0.03771603887755383
0.019922823333149365
0.04054564426035615
0.27894982321730655
0.20858336250545942
0.0844424392293226
0.3320291155881765
0.06855825927663747
0.12273994662987509
0.03432872178127498
0.018212467920590922
0.0649615039553132
0.23985099820467093
0.37366830219576347
0.1886076263567337
0.0835816082463931
0.016960734140617117
0.08970700832294322
0.3032791448934716
0.3606237090397062
0.04895213827239303
0.1389669269162728
0.013437579405831927
0.01328524015783057
0.03618117671816378
0.15999256073168616
0.11890412280183166
0.07998009539231335
0.288567319836389
0.16455067977786242
0.6429344134128641
0.10469787059013974
0.03171009010609654
0.0047128314606183315
0.0033641620038028903
0.28227661971181
0.15778171278683853
0.022728750539921
0.035280535241231016
0.12922376589452716
0.1104203101717938
0.2909774512290839
0.0008080891725588062
0.3579251247977774
0.13065017308928867
0.08000447060782087
0.013412518501457926
0.09897403008355202
0.04841774050631463
0.4433765947926361
0.0632020404559694
0.10449940696456168
0.02931744868422343
0.4013583555812574
0.012394982769787299
0.2915436943387059
0.520468164166262
0.028593035301737006
0.0025346641881984927
0.4451376164917133
0.18565478813339809
0.01282613973559834
0.10515897265022142
0.33650080413849975
0.10703560639674166
0.1091151496616043
0.1713605840165917
0.13219732600111145
0.03297074574215706
0.0032716403331609057
0.21499676234652582
0.10002592247216335
0.014621469486343637
0.15507337867694113
0.06538336735770114
0.542076469710288
0.29957872922811574
0.04160542288503068
0.07717835777414411
0.03695100420359236
0.46682062435536864
0.04290753714081166
0.47022609068094123
0.1593153751510912
0.12143676962771638
0.8008037491301118
0.056294635503638946
0.022432471585003375
0.026296588909137514
0.020048886121205107
0.19528717684809097
0.25796098574247217
0.00017338162183848238
0.193506222282096
0.07424025797338739
0.15989910730213167
0.05778874579149508
0.09261241369216086
0.15621967063793651
0.013086469066470437
0.0998047303692095
0.5638683329274253
0.3331028023248745
0.3594413246920806
0.2213153978355486
0.24071246693155304
0.024476237910099567
0.1728231758067133
0.3342005334033687
0.06861253755725033
0.13435739550650505
0.7686224158926439
0.5095442456289454
0.06720701532783212
0.020959133029401774
0.10986185356716759
0.6918793249358626
0.11384963735591651
0.020492086293163594
0.04376734171282426
0.025515358373586
0.4641448760674793
0.40167909987117745
0.3594243607444778
0.2994162302360457
0.09423022411016017
0.04008170806681636
0.14557984043908181
0.011609447913791029
0.007097786019244688
0.059466327211279146
0.09033462179314428
0.3117414482233913
0.013982097497433576
0.011652450678674287
0.21993657763261243
0.05374550090245614
0.02291331473948115
0.4413656504449214
0.04329955016831263
0.13638505056334782
0.013136017766240876
0.03795282747884069
0.10393134255329312
0.16473415467657473
0.015561409256928433
0.009343216956581633
0.007155184475375434
0.09966419074876615
0.20234109073527526
0.37709959106543417
0.014218014435004225
0.16956373476002312
0.3792408245041729
0.0639971829401281
0.24045244492039358
0.23728915842922804
0.20824261291722634
0.001954607152720992
0.09598485668041705
0.17459399671194478
0.12749893818084954
0.3174048265756185
0.050639726156229074
0.021185759133687924
0.19395856584951218
0.09718578549181017
0.20887821720919764
0.2972345098842121
0.1639152007213481
0.36731205698958663
0.009516881165993652
0.2869872809567681
0.06504747997689915
0.001760336800269882
0.09564123278572326
0.15533049112453565
0.394345974921784
0.07433160867511142
0.12889399474850957
0.07364979615075651
0.5937592422298547
0.007659064365762645
0.3077339601741899
0.11973173384919665
0.12946222855080033
0.13835795875017312
0.18160622622054284
0.19557095319617704
0.2064180697035973
0.07626863810627345
0.16368084151003864
0.09249202765683115
0.06760165585499274
0.12139168903031523
0.0735272416481362
0.19322165369754957
0.19579199710226916
0.07459791048838209
0.004468760616759149
0.015528716156384247
0.020632317437057953
0.022805469625591525
0.2542090400320795
0.0849996211701752
0.031909928101011294
0.21758417827350957
0.04488358998532702
0.18696841877181938
0.0009400597721781134
0.11389014664991917
0.042136430298786894
0.14273749807623343
0.08273239050681405
0.18839812842544817
0.3324615764280453
0.06012228697493334
0.21486195615843826
0.39382925504655936
0.34981921228272317
0.4825057576290578
0.2490749285859479
0.2521113794547836
0.33205461053888174
0.03177009916699176
0.008213996402701453
0.34894550722212814
0.03272292753929076
0.1807680104660635
0.20289083029940327
0.01637767709102246
0.004808613915050358
0.034798203394658465
0.06420702490520312
0.19537753732705748
0.0837407719109632
0.13508739939879721
0.0022363513265088973
0.1731271660041122
0.029229821638781937
0.14760096834323813
0.11232695971860855
0.06426995950043657
0.011595737229970086
0.02415687759017733
0.3506828241524772
0.07632450705934261
0.14533084408502278
0.29838759893875644
0.14193145810306065
0.0504658875126822
0.13178876914040363
0.2622667242046251
0.012718763047943235
0.3684285988332701
0.18637707511480162
0.2905410747245637
0.29953858408620926
0.01663187480704023
0.053610066586118575
0.006676119158315152
0.059992864833737246
0.09083637742882392
0.2471056825184621
0.007690276428982619
0.004304104079214781
0.011699042950809988
0.48454983783681027
0.07216762643214407
0.09383985327971894
0.19039826322011036
0.23061071590515358
0.06629223442778502
0.03230276120405415
0.004017467938893206
0.1194204699142598
0.22945246314382825
0.0021790726390217203
0.24679358413622515
0.002993074708744688
0.10293598391788569
0.008344648535671734
0.05510801698342919
0.3880302485824855
0.26820757802993267
0.024224707151247863
0.26233251420986203
0.0831832586118882
0.3579750433991631
0.03917154577484892
0.025813689772104128
0.11778021376874603
0.4834058987940809
0.007553720229190179
0.23493829742368208
0.026356879740103572
0.0010461916934033665
0.055955597266390975
0.0843345143142019
0.08156074203087028
0.13013457382604823
0.06727711991429361
0.10625111252248397
0.30601161429094514
0.09920226054299518
0.5785993733355526
0.20822827828781496
0.21209364479759635
0.0006663171286296415
0.10258008952119592
0.04283859592822031
0.08433819169737483
0.3836576185788748
0.08050347425322754
0.2533782338901168
0.038673703195371646
0.38176516291549445
